-- phpMyAdmin SQL Dump
-- version 5.0.4
-- https://www.phpmyadmin.net/
--
-- Host: 127.0.0.1
-- Generation Time: Jun 28, 2021 at 08:14 AM
-- Server version: 10.4.16-MariaDB
-- PHP Version: 7.4.12

SET SQL_MODE = "NO_AUTO_VALUE_ON_ZERO";
START TRANSACTION;
SET time_zone = "+00:00";


/*!40101 SET @OLD_CHARACTER_SET_CLIENT=@@CHARACTER_SET_CLIENT */;
/*!40101 SET @OLD_CHARACTER_SET_RESULTS=@@CHARACTER_SET_RESULTS */;
/*!40101 SET @OLD_COLLATION_CONNECTION=@@COLLATION_CONNECTION */;
/*!40101 SET NAMES utf8mb4 */;

--
-- Database: `test`
--

-- --------------------------------------------------------

--
-- Table structure for table `admins`
--

CREATE TABLE `admins` (
  `id` int(11) NOT NULL,
  `username` varchar(255) NOT NULL,
  `password` varchar(255) NOT NULL
) ENGINE=InnoDB DEFAULT CHARSET=utf8mb4;

--
-- Dumping data for table `admins`
--

INSERT INTO `admins` (`id`, `username`, `password`) VALUES
(1, 'admin', 'admin');

-- --------------------------------------------------------

--
-- Table structure for table `admin_users`
--

CREATE TABLE `admin_users` (
  `id` int(11) NOT NULL,
  `name` varchar(255) NOT NULL,
  `username` varchar(255) NOT NULL,
  `password` varchar(255) NOT NULL
) ENGINE=InnoDB DEFAULT CHARSET=latin1;

--
-- Dumping data for table `admin_users`
--

INSERT INTO `admin_users` (`id`, `name`, `username`, `password`) VALUES
(14, 'john', 'john', 'john'),
(16, 'alpha', 'alpha', 'alpha'),
(17, 'Bravo', 'bravo', 'bravo'),
(18, 'charlie', 'charlie', 'charlie');

-- --------------------------------------------------------

--
-- Table structure for table `companies`
--

CREATE TABLE `companies` (
  `Id` int(11) NOT NULL,
  `name` varchar(50) NOT NULL,
  `proprietor` varchar(50) NOT NULL,
  `address` varchar(255) NOT NULL,
  `city` varchar(20) NOT NULL,
  `state` varchar(20) NOT NULL,
  `pincode` varchar(10) NOT NULL,
  `email` varchar(20) NOT NULL,
  `phone` bigint(255) NOT NULL,
  `gst` varchar(255) NOT NULL,
  `tan` varchar(255) NOT NULL,
  `pan` varchar(255) NOT NULL
) ENGINE=InnoDB DEFAULT CHARSET=latin1;

--
-- Dumping data for table `companies`
--

INSERT INTO `companies` (`Id`, `name`, `proprietor`, `address`, `city`, `state`, `pincode`, `email`, `phone`, `gst`, `tan`, `pan`) VALUES
(1, 'R D MINING', 'Jeff', '#165 house no shirdinagar 8th cross', 'Hubli', 'karanataka', '580024', 'jeff@gmail.com', 7483647102, '18AABCU960', 'AAAA99999A', 'ALWPG5809L');

-- --------------------------------------------------------

--
-- Table structure for table `departments`
--

CREATE TABLE `departments` (
  `id` int(11) NOT NULL,
  `name` varchar(255) NOT NULL,
  `phone` bigint(255) NOT NULL,
  `details` varchar(255) NOT NULL,
  `plant_id` int(11) NOT NULL
) ENGINE=InnoDB DEFAULT CHARSET=latin1;

--
-- Dumping data for table `departments`
--

INSERT INTO `departments` (`id`, `name`, `phone`, `details`, `plant_id`) VALUES
(1, 'Drivers', 7534567890, 'About Drivers', 1),
(4, 'Machine Maintenance', 8747483647, 'About Machine Maintenance', 1),
(5, 'Machine Operating', 9647483647, 'About Machine Operating', 1),
(6, 'Labour', 9856878954, 'About Labours', 1);

-- --------------------------------------------------------

--
-- Table structure for table `employees`
--

CREATE TABLE `employees` (
  `id` int(11) NOT NULL,
  `name` varchar(255) NOT NULL,
  `gender` varchar(255) NOT NULL,
  `address` varchar(255) NOT NULL,
  `dob` date NOT NULL,
  `mobile` bigint(20) NOT NULL,
  `designation` varchar(255) DEFAULT NULL,
  `adhaar` bigint(255) NOT NULL,
  `email` varchar(255) NOT NULL,
  `city` varchar(255) NOT NULL,
  `state` varchar(255) NOT NULL,
  `country` varchar(255) NOT NULL,
  `admin_user_id` int(11) DEFAULT NULL,
  `department_id` int(11) DEFAULT NULL
) ENGINE=InnoDB DEFAULT CHARSET=utf8mb4;

--
-- Dumping data for table `employees`
--

INSERT INTO `employees` (`id`, `name`, `gender`, `address`, `dob`, `mobile`, `designation`, `adhaar`, `email`, `city`, `state`, `country`, `admin_user_id`, `department_id`) VALUES
(6, 'john', 'male', 'qwerty', '1995-06-02', 8364721474, 'labour', 896622741049, '01FM19MCA006@kletech.ac.in', 'dharawad', 'karnataka', 'India', 14, 1),
(8, 'alpha', 'male', '1st cross,haaap nagar', '1990-06-17', 7483647423, 'operator', 662257895468, 'bharatg988@gmail.com', 'hubli', 'Karnataka', 'India', 16, 5),
(9, 'Bravo', 'male', '3rd cross opp new bus stand', '1995-02-12', 836472147442, 'maintenance', 966225784567, 'bravo@gmail.com', 'hubli', 'Karnataka', 'India', 17, 4),
(10, 'charlie', 'male', 'shirdinagar 8th cross dharwad', '1992-06-22', 9591603148, 'maintenance', 83647421474, 'demon@gmail.com', 'dharwad', 'Karnataka', 'INDIA', 18, 4);

-- --------------------------------------------------------

--
-- Table structure for table `leaveapplications`
--

CREATE TABLE `leaveapplications` (
  `id` int(11) NOT NULL,
  `formdate` date NOT NULL,
  `tilldate` date NOT NULL,
  `purpose` varchar(55) NOT NULL,
  `numberofdays` int(11) NOT NULL,
  `status` smallint(4) DEFAULT NULL,
  `employee_id` int(11) DEFAULT NULL
) ENGINE=InnoDB DEFAULT CHARSET=utf8mb4;

--
-- Dumping data for table `leaveapplications`
--

INSERT INTO `leaveapplications` (`id`, `formdate`, `tilldate`, `purpose`, `numberofdays`, `status`, `employee_id`) VALUES
(12, '2021-06-18', '2021-06-03', 'function', 7, 2, 9),
(16, '2021-06-03', '2021-06-26', 'function', 7, 1, 8),
(19, '2021-06-22', '2021-06-30', 'function', 8, 1, 8),
(20, '2021-06-22', '2021-06-23', 'function', 1, 0, 8),
(21, '2021-06-22', '2021-06-30', 'function', 8, 0, 8);

-- --------------------------------------------------------

--
-- Table structure for table `machinemaintenances`
--

CREATE TABLE `machinemaintenances` (
  `id` int(11) NOT NULL,
  `date` date NOT NULL,
  `duedate` date NOT NULL,
  `remarks` varchar(50) NOT NULL,
  `machine_id` int(11) NOT NULL,
  `employee_id` int(11) NOT NULL
) ENGINE=InnoDB DEFAULT CHARSET=latin1;

--
-- Dumping data for table `machinemaintenances`
--

INSERT INTO `machinemaintenances` (`id`, `date`, `duedate`, `remarks`, `machine_id`, `employee_id`) VALUES
(29, '2021-04-21', '2021-04-30', 'good', 8, 9),
(31, '2021-05-21', '2021-05-23', 'good', 8, 9),
(33, '2021-06-22', '2021-06-30', 'very good', 8, 9);

-- --------------------------------------------------------

--
-- Table structure for table `machines`
--

CREATE TABLE `machines` (
  `id` int(11) NOT NULL,
  `name` varchar(50) NOT NULL,
  `code` int(11) NOT NULL,
  `description` varchar(100) NOT NULL,
  `image` blob DEFAULT NULL,
  `deploymentdate` date NOT NULL,
  `model` varchar(50) NOT NULL,
  `capacity` int(11) NOT NULL,
  `make` varchar(50) NOT NULL,
  `status` tinyint(4) NOT NULL,
  `plant_id` int(11) NOT NULL
) ENGINE=InnoDB DEFAULT CHARSET=latin1;

--
-- Dumping data for table `machines`
--

INSERT INTO `machines` (`id`, `name`, `code`, `description`, `image`, `deploymentdate`, `model`, `capacity`, `make`, `status`, `plant_id`) VALUES
(8, 'machine', 4567, 'qwertyuiop', 0x3738373039303330355f3131323837363637385f3234363532343134325f3434323034343133365f6d6f62696c652d637275736865722d353030783530302e6a7067, '1999-05-14', 'old', 345, '1996', 1, 1);
INSERT INTO `machines` (`id`, `name`, `code`, `description`, `image`, `deploymentdate`, `model`, `capacity`, `make`, `status`, `plant_id`) VALUES
(12, 'ROCK MACHINE', 1237, 'good', 0xffd8ffdb0043000403030403030404040405050405070b07070606070e0a0a080b100e1111100e100f12141a16121318130f10161f17181b1b1d1d1d111620221f1c221a1c1d1cffdb0043010505050706070d07070d1c1210121c1c1c1c1c1c1c1c1c1c1c1c1c1c1c1c1c1c1c1c1c1c1c1c1c1c1c1c1c1c1c1c1c1c1c1c1c1c1c1c1c1c1c1c1c1c1c1c1c1cffc2001108011901f403012200021101031101ffc4001c0000010501010100000000000000000000060002030405070108ffc400190100030101010000000000000000000000000102030405ffda000c0301000210031000000138f1fe7afe7b53934d6c8851f92208d49e046a54d45e4be0469e851f927a11a913234f488d3d0313d3189e8189e8189e90c4f4c627a0627a0627a0627a06a73111c5cd48f93b0c1c3a49d5cad4e4e7c4e78469e9367af40c5221b13d0353d03139048a45351291323f24f019e48851a91044a4f018a4411a93c133d7206f8e426a7206a7780df7df41be3d03149e0313d0313d0313d0989c9b6a77a0c4e4868a9600c69ccf57a95dcb6e59d839d8e5cf657f10d0df2eccb3b5608fd7a72c5221c6e77a3627a08fd7fa0c4f493d49e4b8d488234f40c4ef591faef4234ff4234f40cf1fe8469e823f5fe09a9de833c7a06293c637c7a43539037c7a0627a6313d037c7a0627a08d3e30f01cbc1f2d7171ab6673746b65d987af1d09629778b3d479510675d51dcf3a34cb13d3867ae48627fac627a4313d0489dec5b13d0a34ff005a8fc97d0854de045ec8991f92f811fae486f8f4d31390353903539037c7a0627206a7206fbefa0d4e40d4e40d4a109bce72251a74ae7fed2c37ce300422c75a39bb435736e6af77bf99f227693e918f124bd2e860c7798d4f4a59eb9a0bd8270f3df50fc5ea0917aa2fc5ef8d249092f5078bd42f17a83c5ea0f17a83c4ef03cf1c81a9c81befa83cf1c81abd4c6a72437d720f1640c267c3e0a559e9cf753e81cbc36c03be28130fb070894b379e6f4e12ad2426e775cfa90893a572bd674a2135217926274b65433ccd594d5ed24ae8f0d87e1b759d6e63b6c30b187bdb64d4e4d3bd6acebd49024933c5ea0f17a849509c76166643454bd41e24812484979e824bd06af7c04920483b1268f018a0f72d392edc80137de795f2bf73a9336e7d1573c9f0083a174676b2b4f93543bb0cdea12f535e7ce9dd0573be6553b50963a67f4ce64696b7e2cab439f2f032dce79a8317aadf879f1d5490ede3ec6909242f1314dc8a1f116146e0726781254a2e40b0e1be8e7a0b4d81ab4ba3fa37bba65326a0726a0726a072689817e5e1904588681f816566b4784d3ce8c01ba61a5cf1322eb3cdba63a26210c0e392e804f4ea7adb4fe3d29bd8686b0393523dc3ab12a15d0709e565b9b59aaa721c5a2045cfb2b453d32294b518dce0e0513c3261727d24da5f239722a893bfee75e94a3a9a0d684b4a68b9ea587d384b2bed4a00c1ead823191d94d349e6a43a5cd6a3a46a055f46a59cecace89b1b7752e704a39873d55dcf98e2742cab9214f60ad358a4005777ccc9643e5de013406da3a1e134189b7d28027a6dd8cc3395462200e8bd28f075b78b90e8e66372368d7c7582c51e720518558a3af9ee74e19ec78691fcf9d140ed61ec30c950fb0a9b954b4d934b49890dbdbacd73a105c8ed792c1665ee45a585356ee0f6427d26a0ea40ed2bbeda1de93ccf65c85119f0a811d3e4976920dea2459d73b24d0d39743cd5a2c9fdaa40ab976b1cd4a207518337a603d3b9774636ccb6b2e9036ae3746d664112cf3875a94ac54a2b6a3f17499b325a5cfd1b13e78ddc690f87966d94fd8803b9b24e673704ceca0f29f4960df8442b8d5cb63d222e3f3f49552575309194f3b6ca66e6c1acddb338620db478f6f43231c6d261af98fb52c5c8f3c245d400c76a87a5388674a604e9e316a5b5cfb764d1e93cc36dbd415d4d7456b84d673a1b9f523451c4d4cca35791f5c04da722b75210b88cbc477a5d39e86c222741532d20cab32f36ec9999dae79808565fbe389d2888ae5e60c6afcf766cd3cada674722e6fa30cdfd10de91eb42292099347226a667c4ef2957cade13b54697ba288882fc881f23180e4fa06166c8d5322043b608e3dec7b921b565b15d3436cb695fe4465ae8e79bb442ea7bdeff00cefa19d7d2120a91e372795e497571f432b69d609310dd64e04f7b1d14f4677d27644397cbd0b6e8373b3314adcc76cac4d5f5f4c89fa4f36ede9eee1dcf96d39aad731d6477a6021deb3cfacbe8f6e1e1c879ae566eff0023f3ba3c7b5a849c9993387b6d100f3f411af51d979d0dc37fdb43bb389b0d08533ba2d612d199ad53ce23483bd8273cb52f721c42bda286ee7e88fa3ca171e161f5be8de46903deb24cde7bae11005d0eaa3ad0ae910fb4a1d68e84d6ae279172ed9f761b916ea328e74e00dbf7ccf5cfc3cb06b14a27644d7cf6027bcf7a23aa5ca5928dab7a799b40ed5af3f6e13928e17e77d01ecf3caea7c72bc2b2b080263297243e24577e81a61dde961589d0b2598363abf3a460091bca1904a1d59a0b9b4ad69013a3b130a0d028a8d8d542bcb6689a8a98e6ed938a499541c5fbe0ee885b44608c34a9cba9a441257cdcb4d49729d8eb5eb4d6229b894b9e74e0f35ab5ae75bb8f12fa765cf17a0114534f9998a789ce3b38895cbedf45cfdb3bfcf7ab12d2f9b27fa15d73c74dcd71b2bd5f6868e7513de91e24999b729bd1b346aa4db14b20609060ead49482ea431518f108b33ca1af4290f5821e8b0b9e5139e2348d27af5f54739925e471cd3a15aa7b2d9e5dd331ba1088efeb3664b0da99b2635cfbc2ab59c7564169f51184e689f4e2c3dd625701bd20b8c62c40b9b4e6a30bd7cb018cddb7d18ccd9ac8a79a7fcface8c64065d93baecf9e1d7073a02d020d1c8daa96a6fa9b97a919de48c08df14a0f2b16b326b52cfad34eaad8d9a34e9605231c99e2862a438d7a91187e7ba93a898c7a48bf85f8353167940b2544927d3b506b3b265cb4b209b93a72ebee8c43b6e73749b9cffdbbd3873cea1eef13e7447994542e5466b38140756830d718d19746fe3e880cd0dd3a6c2b28f41a593eee66a490415f136925ab9d0693b37b1e9818b81cda5bd250e957b1415588eb3c2596a392b905749a6b0ca5f3af0f66b910d625932a1c9b66d0b9e0ff0058a9484a99cf25b3a78be141a490674fa7a6559ccc3c759ec63ed61b53667ea2759f3e4d44dc71c6fd188312aa6d1c763e67dea2a56f94e5b386531ad67d8e39a95826c8388aafd106ad65721886ee4510f1de95cc748ea5b38f225a5e3da3839cf5086971e8ce717559c4b89a21a4a8a97ed49999d547c8d0998e993aedb2822d7a90485b0e2da87ad0d4c945bd31c9a91a60d9e21526783edee8883427572ea0da186afcdd1c9e7db56387c4dba32046d95fe471ef6f8c2505ba020035e93b31a09f447a4e1f9b4a3825c95d27c5ac6b91e3974556b1b2c9748637e11e897664d144dcd74c7ae7abd0ce971bd8d219b6045745ae8688e58c7d17ae955ca55d32c37d6634cf5390f7310e47f928d6768554a56ab09e758825439ee600fe3cdbbd583ac3e9045ee4dce7da967c4cc7599d13c2c694797b6429cddaedb122e9f4b5294e723fd1e2f5229d90d0890717668f302be73a2cfd1a1a9ac74adec42a6b278ff7d07e7d68686262874cb1cd7b327903b93a5ac9ed212e87cf61fbd62b86e5acc9d551f72b6b6864b5ec8a9a9107ffc4003310000202020103020406010402030000000203010400051106121310141521223120233032333424404142500735252643ffda0008010100010502ce338ce338fd5e3f0f19c7a719c7e0e338f4e3d38ce338ce3d38ce338ce324b82036f77dff004f8ce338fd4e338ce338ce338f5e338ce338fd2e3f58e7b01d6a006eec20f5fafbc2dafc671e9c671ff49c7e3e3d78ce338f4e338fc17f60b00b8daedb35d979e1f0dbfe250ca94561218b72ddfa3c7a71fa3c6719c6719c7a71fa1c7a719c7e8f1fa7b0a6a659d7eb6a0d5b460865fdfd6f709579d31395ecb2ab285e5ec038fc7c671fe938fd1e3f478ce3d78ce3d679e370ab2b6aec37bdaa11be2d0d7340b9c1fb629a693a7b95bd512251fe838fc3c7a719c6719c7e1e3d38ce3fd0998ae2cdcaf4e1bb48d8b6f7e7a0a490dd98c162e307d2317c426b19c378ce3d38ff00a4e3f4b8cd86fe8ebf2ddbb5b5cb1af9b4fae54eb6bcaef86c5c73896de6417dbe218f518fcba03cdbfd2e3f0f1f838f4e338ce338ce338ce3d78f5e338fd49981c7397582f758554e4377bd47373a40b534a4ac53aa5741ea4ecaaeaf2ff86d555d98a6b05e0fcb23d38f4d60f36ff04cf11e65ff00d3f197b734b5d97f63676ccafd1bb4dab35dd1daca19f4ac7a877b4d355f75e4afa7c36f89cedc48149c0676fcc079f48c18f96a47f3fd59d8a075b41cd7621a666202a703e3fe89db4ab5ec5feaea35b043a8ba8335fd0151595ea22a05dddd1d78dcebcf24b77375f8907b9b5ba365b96d6742df4c508d8dfbdd2556ce2ba361251d39c66e5874b63efed467bdb39d3d5cf66d8d34654a5ed67d2db7c28d86c61d5ce382d630eb15e0732bea3e753fe82d5ead4459d4afbac1e8bb17ca9d6d66a76b6f615e886c7ff2025397ba9b6db09abad75d30e9e2af5e96bfdfdca9597555b9db2f515743a39dab5485d70f5b748ac5e3d3d850c56ed9d2594ebec0ee6a147c52bf1f18abc7c6e9e5adfd234c5f065950c1eb763afe57b48209d547f89fa9efaac10d851e5cbaba6bd76d66d3ff005b69ba5242923a8b648a5d13514511575c8d875bebeacdebc566e9a1b66decd37356ae9f9f7db31804aae5d3dddaa5442822edc56beb50a4dea5d84440c7adcd9d7a4558056325c0dfabce2d02b2476c88c9c11a900ab1ede6c6c758bad5a8ebda233d9f09a764ac3988442359fd2fd3b45235ed6a61e819ae65514ba79ab322bffa77ee850ae1d46db821d3db4da652d1d0d586c3aa75dafcb5d7176c95a2b3b09d7f4c5d3cad4055b3525681dcebfe2157a3682bcdbbd97bd66ab5c3ae49b050b237f556c9085d64fa4cf18fbf97297e704f104de05853380917120456176fa75b03b16d8b897791d628ddbf5361aef6fa672c82821d010b96ad55ac31557ddb673bdf3ebdd19df1191313e9ce4ce32c104c4b2cae66cea9cc4d3ea101f3d024385c15ef2d15d6c1687e36751d25301fb7da653e9750636debf529bdd6a988d86c765b0cafa56b46af4c0f15a957a9183f3ea7c77f0eaf64e454d1ea7db0fee9dbec1bbfbdaea0ad6d6f56583b1312b565c063424ef8e2e2d1608b99915cbb9fb6ec96557b97512557115ec6c2e6cadba71deecb1a0924f8c11106cf34cfd7c8c4947125718390decc6360a20a190b664aa5b9c764764448a89a48a9090b9ae6c61a4d47abb15add4d9e8d9a53a9b00b59179c0aadb26333dd67bf61646c073e221c87500d8c1d46d76395b4dacd566c3ace853cbbd53b4d960d5b561d57553952a6bebe7bc1cf7518cb32031786569b03f1ff007e39b4dd0251d3e8ade52d80c96fb6c4d1d1d35eaabb76b0ac0dbcb23e2a458767901aec3cf17888da08125a98b07b3dc14c4c6ceeb1a3ae6ca995a84a335dd38ae403b32ea206c4d650cab535d808d72eb9a8bffb019119984ce444c44941e7b60b43231e15abf2847b3399c82e22048f2988864cfcb2f57f29a924156b6d2559b3e9ead654bbccaac89918a45ed51379629afb6b3b31a5d38f263ef6af44bbbd72e6659b17b6075f52d6453d3d7190556c7d8a6acd9c39cbd2ec02c4b257242a496316a5651919dd6caf55a6ba75bdc33400aacabfb544af59a2be381a5676f8357487abdfddadaad67b4aedf6d25625984cfaa3b578d8609f9bf208ecdaca650e2ae090cafaabaec1ee80db6fc1762cfe63cabb0a5310213225842b9cfcce401992a9990a6ee4166b9b0b8280fbf68c67ce3115398b642122715b2a6c177472c0f7245168e8405b9075fd8698ad26bef6abeadfe9e752a7b2d8153e98ab572c758d2a55af7566c7670ea322ad6504beac264317e5587befcc0a96e4161445373597df9aba6746219126fb109c9749aab3c6bde553b7b77ce96d2abd4b1569d2d1519495abd67c51b23e6b979f37753cf52b2a549888186d8e63dc8c49590b0566e11c59b83582d592f72e118b34b4685e0842f3a9ba9229c6a52c99a75e7c43f4497cf3e7c9d67c8f19c864d85e7b53c2a87957bd0cb35fd9b15f549c48cfba1cbe332564e3daeb2fc56c2dc9467c5d981b2626a5536054d85e12c469365b2c2a5aad4cec3ae7e76367776cdaf4bdcc26b52a03b2a4bb947a6bc69d2b2f4b58ed770855c0a1696b9b07dabc2808c96a558eb22e8a7a7d8da58692aa8bc2162f573f675b60d92a9aaaa371dce7df3b471ac08c8893998148b6c77930860fb0998419b3db0ebe002c1156bcaacba346768963574d1bbea515d4386966ad32ad287b7581353df6bea6430f3cee815b8b3dd40e7bb08cf24615881c3b300e4d95583e0eb365eb6148c8e3679c7be3c557e568e6339000f2c3c2a682e3419b2d1f4fe5deaeb57b175bddbd9ac554a57ba57dfd3a96ce9b60c580cb6c1add3156a3e9fb8ec0d8cff8359e4cb5172ba723ded900d43e60696a93972e18d3d5b9c74f8e306c9d3b53b5dc9e3dfba9474e1c32862f621608dc4cc5a709f0b9781302b3bc8a8e44457133b6db31614a8d9b44a1d9c66af4b66c2a8d055057545d04d0a9f7b5304695761f6e7647323ce4d354cfb55c642179d819da3853c614f74b67c7887ac5df95b0ad79fcad6d6a8d7b97c416ed781b60caadbf7b19ad42a5dd614690dada6c36b15aa0bab59ff1e3463dd6f6b3c51a1b01d62abd24ec35b35aee9dc8d822fa756735eadcda4d74c6836bb10474e6b2be571ab5e09ac2c9109c9484e5a540a35df2a1ce6a7e76e6337bcbaaf4e2bc3afb2504aad585400023136824fce2b77bcf7051211803022ad926cc7b8f31d15c12759abf1c774f76eb70bd45665d75d16b180ad35665bbd6f68e45f56f9b095750814d7d822d4ce73939f3f49f468f701c1093ad9084448c536765abb5ea9c55e99b36984ad2e972c75559b7335ad3ecde95d6c40f8ea6bd4d84dc611dad6ec6beb876376ddaa7575bafa0ba3b252502a2bb5363adb34edc6cceb3d7b9889abb95bb02c28cc7e59339ce7396a7fc6a1fd1cd2ff632465f56989d6402f9cf90436ccccd874e69d90d8b0754d273f2daedcaf66ae9cbf1c985d5e9fa30146267b769b24eaaaddd93b66d14485788ef1a34d7abaf304d3b45d851dd9a38fcd9c818c9fbf39cfaf19e2f25a24f636b261ee568662276fafd70dadd5fb6a36338d3b83dddfdaf759d91f73df6135b5b45c5029532cb3595d2ccdffbe1ae34c7b351757ad46d3a8edec174adb2c85ad19d8aa2e95cc7cc6b592acfd6ee917e3bb267239e2e9715e9b046af39a8315b6f33fc6929385a78c636178d6c63d7ee09689f1927be7855456d36acbf3af72eb044eb5d31d3cc30d4ebfe1b52e5c4d0afb7dcb775729ac9b3b00146bea2e25bb73f0d24cf8c0639c054f1a99ec99cf9c7afcb2183cc4c4e5fb515c41362d323569a8b2dea918eb766eb4dc2a03b11e082edd3b95c097c97df06b4d45bce96bc82b4eaf4f514ada55a6aea1daa6cd675fb1654401dde550d44ecd407d3967c342c74bd2dad1b5d3f6f55682b26d34e9d8af8adbde5d9f895db11037998ea56e002bb888ea5bacbd6adea4884ce00400f93ba6718808959b381710e39caa48d85f75f76af51ce02fbb35ba2517a4cf11d65b575cd97ca334353b6bedf8846b6bf9677064fb96c846617ce4e6abf9f9f4e338cedc76beeeb602d9643462d96c27c9f0a532768a150aea4a336615e6a11fe4cf91f52beb18fcbda85d2712bfc5439d5e12d29bc6f929f2623e670a0e53e183b159535ea21395b6aaa7415d4b696f824750ebf6dd28ead08dab2a9b6a21e1592ca2c9db003af7f56a940b58e9660272645786ee705de26b29f6176c84f6f7e36c2ab959b312f5a92cb401259aad5719dde8d6f7e756d4f16e20bb0aa751554a0b603b1cd1fd0a77e4a78cec14907d59a8577b7b73e71913e9c6277376be15ba370d9a91ed343699aac49d7aa9f3a6e572ae2b90744f4e3a2133650a7ecbd99a4ca2ca6aa1ea9a5a5a90d00f2dba1084c656fdf62baf8864003ac1b42aaa5d6a9eba1ed5564ab026426bdc8766f3a794dadef2dd33ab6d5797ff19b124981e716ae30d90b8ad5fdd658ed08b0d37189f391c946d36a1af10b864f5ebcec8ac7fcdd56af27d1ceeef4dfeb42eae7a558d5d9d2dbac35b5cda49a11ff00c45b0f3b195b885d7298453331d6a6688e719c7a8cc0c7b4f740bd08097c0c4c834e9567b650e5d1af15696bbfcab33c4d62ee7ddd54dbbfe3155eda76d43d7df0593583edd833b04fc0edc606a2c246b6aeaa535b5bef945a664535d4319af77da5609e63d197cd74b49a6afb0d4ecba7ec51b4a93f102e4b002061b6a33be489164aabec344a03f680f6e6db7514f2aa5771ecd342e7dada19d7b4fdda8c8979b6ea5452357572e729ec93756efcd16ae433be591b7b3e6cd2cc2ea7f8c58752a34451595102b90b5c6569329f4e3d232b17858566325c45853ce71c66c0e4534ff9adcc0ca6b42c8b1c7e2bc8a33e5b2814e269adaaa746dd08078c85e9615707c59abaf2b06cd9aeeaa9efb67ae665a6fe5ebf6e55a1470d5f197aca0075d60f51962d3aeb013c64f0b86b88f04bc7856bbe2782020672b57666d779c600134abe8570a8d098669ba7ef42f5ba61aaccb2fecc76aea3c5fd394c21daca3e41d5db5493f6d5b13bb05cd9b89d83744a1b0af872b3e1e19141713b52f1a66db32a1f72f9ce7d78e3d79cfbe1ae579e163a12868c1f3e9c4ce5cf346c251b064375c443a95a614baa918df88c6a6185c53dc408d5e5db2bda3a55696debd31d43a8b44055c654bcda7952daeca82a132f02e4e415c61b615007dcd7bfb1b104f9f208ad533ddf4ac76dbaf738a49bd9afd68d215af9cd5eab8c2f944471161de2892cf79df3ba5b3e1773ca9a9afdbd7e3617dd17096b66322aadfd3a669ad3759391759917e72d8aed8397292a1f691fc13e9ce7383f72ec7abb6231ad81c22e7272b17d664a1dcb9ddf2cfd9ad2285a6e36995cb49d851d9121148b560085d76b33c8c05ab60d5d55ec84aad85d5ed5249b294c2616a92c808086d9c24b0c02a9c642bc78245c8a7ba4023b767eeefe269b5efa3457496b5f39abd576e4b220b36bb456b11b2dbc85752a6caa3e51bf688ead60e72ca82a5dd8a53c6a3afc6c50aa93a98e28e4b22212d9ed6316423682010d8050df4ce4340bd4be79c719c673c644e798843c8586593392584df142e0a7618713db006d53aa5824a2a10bb6ab935538566b2780d82bdda0a9036b2ba77dcd1552229008185a73e4b8b2fe16568710d7585400b5120c54ae08f2d5a5554fc4d96cd76a4875cf18805e6af57d9eb6ad0d55ed6cb6c6db6bb282a557695fdbc31b6476f58435562fad11151d64d7a54f16750d5e6d566134d2e523838cb15a4f3e12c2c0d4b3020945167e9304940876323d0b98c89eece7b73bb9923989eff42288f4ec92cb1232d7d7b0c6a2a42b05065834a470920a8b695349149f6175290570d3aa5803582737254a563b2605104c9e2d5c63190ac6324b1959535ebd31705808467d3c02f2f5e56bd56ef36f582b3ce557a0e35e11e6d5eafb3d6dda5d34dfd8b2f3e67bec5b74b1091ed149b6a4f9db6da9d7d4aa9aaa88b0b98ed8cea69ff30be9d7e48c4e7118d9918bb5cc2c97391821c42e67b719f3c91cee9c999ce2388c229e39f94f38842db52691770d45c60ac4738c39818af22d53a8ae73daac727b432a5abc12caf62c602149c5232239c73fb60d9ce080c88807b61790e77f780ae02363b30d683ad15a6d3d4532ad674d0194ebca1ba36aabda03860659b2aa68dbee19b3643e4a08e3bda3e61441116ab5d2b3dc6b94c155b8af4694fd025c403b8cea02efb9e509af46c43ab67fbe76f39775c439eda3b7b04b25b319e59c9fb64c71833903139e38cf1e71c4c2fbb3cf212cfdde86c80832efca0ee719fb2c38521f14063a9365081026cc28633f6e39f380a37610f7e55afee0cca2170be2603c59b5db86bf0d84e3a1af3bac668fb4bbf65533b60a8ea34a1263cf6b5a085f50f527c5ca0fe898996784986ca0d526a2d7047b27a89af8b604b70154d831109d92599e4cda977dd39cab3e32f392dd174e302df24d676c7bc19cb0d8ee91faa3f77a4fa7660fcb23d3f7647cb24feaf787916c270ad8c411c94cce2cfc656efa914ab6f59b9797052bad3c4aa472661786f88c02fa94f35640cf30530223cc87d39b6dd454c99ee9d76b4ee929409005e6ab578dd7d6f3673c6757dcb1797f3123fc8989e706bfe5d6b176a6bbdd6bee555d52903488482fbc807851ea90c8f6b76acb3c876e36d5cb02f556b9ac59c01f7044e1b6213cf68c7e6997cb3b7e447233e83ce71919cfa464fed919921fdcd8ed959f77ac66e206d56a948540aae2bc92c6ba07251e419201c63254957d0313f482e4e62223371be888cd66acae9000ac16be728d3520e7e51d83dd972f0d88b5009cbf0bf392e06507038009174dfae58a4534c5d7357b0afb5b8b08d9d1b3884471ef6dd79f8b2087cde7bc9f18cd8d725e5668b16ea6d2f18f6e104445a677100c8e7ee2ce3bbd67d23ef1f7f42fb07dc3f91bfb3fe51918593fbea7ec9fb7ff009bf07ec3fb9dfc8bfb7fba3f65effd4fa50fe88e50fec3bfb7e977fa7a1fe0dfff002231ff00be723f969fdf5dfbfabbf98bec7fb91fce5fd4ddff00455fc89ffdeffc63eeafed0e7fb47f67fe09fb17edff006fffc400251100020201050002030003000000000000000102111003122021313041134051223261ffda0008010301013f01e15fa4b4d5128d3e3457ec412b3f27d13b68da38fead628a28a28d38b36a3531164972a28ac514515f2474db23a697a348b25dbc224514514515fa0a2c5a5fd14523c370d7d96559b0db4310a28686b85145146d28a28a28a2850b1699d23a1ca8726f0de208a36d9f8d1b0f30f158a28a121a2b850a02894392252bc3cd1b48a28f0b122451b51b4eb09228ac51428a362368a22450d766c44a038d092ab646299b3142544fae095959ac5978b10f3d09a2c51b3624c6d13c44b1cc8c1c84a893a1bb12c7d9b91b8dd12d16378be3786c585785d3351d942f0b230fe889ceba58a1ba447e3621e7d1162cb24257d11d3a1929ff00383f05e596cd3bbe6f0d08b370fbc2e0f0a364550c94efcc25863f07feb8d35d959a28432865158a191cd976474c4bb1f4396ec259ab27a74acd8e485a4c51af85e2879586cab230a286d44726fdc2e0895d0acec6fe3448a1a78b231b146b129d1ee12c5e689c7fc6c5e0e4ff0083932c4f9d67d1f44a47a434ecf0564f52ba594b0de1667f3dd0e5651080b139fd2caffb87ca59af924ede231cea3facc5658c5c24f83cff00ffc400281100020202030001040202030000000000000102110310122131201322415130320440234271ffda0008010201013f01f95eaff99e57645dad5965ff00b537d1f4bf263afc6afe77ab2f57bbdd965965fcb235472660d648d89965965eecbd5ff358f2243cadf876c516635c56a7ab2cbd597fe872259922595b22b93a1e2af084bae27e4fa891f5e23c9659639b21213d596596596722cb2cb2cb2c7348966fd104e638b4e88e3b2308c35e1664659ce8faace62a675f2b14d1262917f179121e467a2c4cc70e3a4a8bd59c893b2cf4a252e881747d467d42326c672659621ba6297e894e5f814f20b24bf2393391c85cf8da3ebb31656f918a52976fc3239f3e28c93ae90b27ed8da1b2526cc6afd25e0d9085f6c9fdbe1c98d9626b4e3ae2531d88b22934d9dd928b64614894944596528d0b1fecc115f71eba4657ea44b1d90c4eed92c8a24a4d914d9e1395aa38b1cbece2533b3b3b388a2b55b7229b38f62e93d4d762690da390d5c4ff001d28a646772e9193b9b2a89e4fd0c842fb7a6cc71b919bfb0d1451456a2cb2cf48a38f6787e44ba624c9ff0061c6c68a23fd4c7d4590ebb252fcb2792fc13218ff002f4d918d90fec89f73e2718d99d2e3d7c2933c2c5e6a2d5ea51628d11eacb8b269f22cbd27f689129a44e5c856431d7ba6f51f0827c88cbfe4b3c3335c597abd58da22fa1ced10e8937fb1b6597d31191fdc58bc2bf4784f250df425c9f4463c569bd33ea38f862cee52a6859a309bb43ff2a1fa1e5e43f8569f8221e8bdf494bb643b625e8a892ec688ae8f0964b2c8c1c84b8f9a6f698faf518b8b7d12ab3a21f2656a31fc8919177662f4e5e90698fb65129d129f26331e3e47fe6a52d71df2fd9872a7978512f486383f58b1c3f0ce24a35f3e4723d39510b92663c74eece913cb47a5aa218efb7b93d288c63d61f77174290fb2be4cad71e4c8c2951744f256acc78ff32db7a8e9adba31aec7b4b57fc3154b539bf37863ff006dcded22ba1a1ebd31c6ac7a5efc3fffc4004410000103020304070407070206030000000100020311210412311322415110324252617181202391a105146272b1c1d1243033435053e192a234637382c2f083b2f1ffda0008010100063f02fe981ba93c11da406369d2ae06bf056feb8e777455199eeded6bcd61f3ff0010ea2b76a91eff00e5db39d5c3fae6263da3779946539f15581ae10d347734362d2f9aa6f96f45297bb64e85b9f2d7826b5f217b86af7715bd2b07fdc8ecded7d391feb346c6d6b9d4cb97ccd7f05877b70d1e62c69a9153a2824ccd195d948af02a68a3dfda37644f0f352ca712d1b3ecbf5779740923750fe2b777651d667f5734d54270a7316b4968a5c535459263241878da32060a66f04e970eccf13b415ad1498b6b185eeb341ecd78fb0d7c6e2d7b7421376edcafef0d166690e6f31fd5333dc1a39959a799918fb451930598b18c2ccc6d5a9e09ad88755d4781ad547144694a54d14594d5ae3afb31f34dc8e2093c3fa990f973c9dc8ee56d628299a8197d14b26226d9c31372b49b97d1621f87aba16cada117e0a49beaeeded56dd8ea663c146c7ddecd7cd381ae7ad47b0cf25179ff004fb903cd679a46c6ce6e3445b86619ddde366acb0b24d89ee6eb3e2beb58ac435d2d452160d7d5493e4788e99596b54a86b14a2e439d9e816468cf14c37dade5faaf718d875ad1f629cc6b84b29d08d1aafaf1447b2cf5f66a745d76fc7fa47bf9867ee36ee45f858643514646054a12e3a6d8b4f7ce677c10262dbc9de96ff25c1ad1f24e85844d897751a381e69d03dc2407ace7dae9dbcd27414b513329ada9d0328bf4d3d827937d82e73c0039a15c4c600e15d55239368793539c4d1ade2aac7547f4310c9251fc79045b0d71127d9eafc57bb61c2e19dc7a83f52b3e3657e21fdd1bad59208991b7ec8a23b6c430538045980c3971ef393dd8b9cb89d230886c2649bac4b6fe4167c6e20871ecc7faac461abd4796dc2a4b16d206b4e7ae839266c08c3535cadad7e6aa31aeaf8c615e769ffe3ff2a5821782d8ed5cbc575fe4baff00252b65900cada814d57f17fda9c73e6a8a69d25fca89cccdad17f9539a51c19a12a290cae6d5d40ceca078ff0041cd8899b1f81d7e0b61f44e0df2c9df70fc9365c762b6649cce0db929b8187039a6b7bf79a959e690347c516e170ee79ef3ec151d26c98ed00b05664b887f869f14e971b3b30d0b054865d7b961683a66be46f3283231ba3e7e28c877a57598ce653fe92fa44676bcd434f6cf3f259228dac6f268a7b13ec5a4d6434f8aabe334e8324d9a94a0a20439c41fb0557de53ee146efb7d95d67ff00a53d9bcea8d0b53047870d1c8b895262291d59ab4b07e29f297b1cf6ef01969550032976eb8d3d17fdc7f7b94e222cdcb32dd9633e4e59de75b0a230be27876b5e03f7e62c34a1f88e392f95358d270d17f724b3bf55b4c648fc5cbc731a0540228221e8116424cf27d9d14d890ea3ad4cb64fc924ef71ecc6a2334595b26999d98a8a3c5303e07d5beb4b2a59b1b07c108616e6c3e918ef1efa1136ef7759e9d3cb66b741cfc13b198bff008661d3ff00108002805801ec6591c769c1a05d51bffeab2dac43cda9ae9ae39724dd99197c1667e6caef80f159e78eaf768ced3d57632424761a02daed1d9a9d529b8b701b235a578ac43e4378dc1cd1c09f24075077b92c33e26dde0dd33ccfef2423928a6c3318f969be0defe4b632c0c8cf0a0b15208eb7ef5d6fb329a3a9ba34fde195fe839a63705817cd39d7ba157e92c66ca2fecc2bdd441a78c8e37f8a20cbb47f7588b707086379ea557133bdf21ecb4d5660362d771917d52576d407b413a56d5596363583c02dd94c52c357b5f4af05889dc334b1e50d27854238282f0834791fcc7777c966929b670de3dd1c93e694e5681524f00b2b6acc1c7fed1faa6451372c6cb01ec16c7af351cd98e6cd7af415aac8e344d644d372a9d7c4706725b77c953c4fe4139edf341f1c356bfab534aac95ab98d0df06f3f9adf7e6f7bf9275144c3baeeb7c535a006d15a41f05fc43d3afb1af4b9a056a9926cdcd06d5e0538c6d11635bc1c9c1fbf876d466e5e4b3c6f1974a82a92179318d752535ed356b8547ee24638bb7390ae65fb1e13ead09fe74ffa27bf1d33f192bf5cfa2ca5d142c1d96aa61321278beabdf6243633c01a2cec85f3789d1038996bf623b0548616b3c78f41fbff00f8f449f74fe0b110c5bb24e456416cada7e29b3cada3fb0dee85f65bf8a6fd1f81bc0d37770778f926c117abbbc7d8786b98c8da686f52ac2aeffdf82390d24d5bc951c056bdd542c6aead157359183043349da7f24e943ebdee69b2b2584917a385d4474ddb3b6740a2184700e6c9492adb16a7432e3223877769ce16fcd4913b130f5c5c3fcd380736471b0cb709bb4652414195b74e059456b2b10ef1aab855cd4fbce45d515fb374d22c1582bbe8a9d6f309c40b94052a556bbfcc7056abc1e49afbb1df3051c2e31b6ce487d69747158793331d6f0f55929926ee1e3e48b632daf67370403e0766e25ba23b86de2aad85d93c95dae0792eab965c2e1669e4e4dd3d4afdab14cc2c1c6383adf15b611b03ff00bb26a8b62aceff00b3a22203b18fc07e6b348e33735ef1c231f6054acc232f78ed497566bbe0ba8f55c8e59b23919af4cce3f25a231c57c44828072f14f73f78414b732b28a83cd7d4307abacf70ff00ea11140677f5ddf92df918d0ab1b738e07459436affb37596b73a81c7cd6f1cbca9c165e3aaab8dd6697105aff0006a0c3958d3daa144cbbb1b7b55a27081cd1876f58875caab2ef360d4f94bae6d9468992c8370763bdd12022d9cd1f5d7d10ccd2ef5a20fd9919bed20f642e2469551ed374120dfc939d4d4d554aeb05e4b335addb3068eed04fd8b5a0bb92666073d1733e0b4a7457e655b5e7d2dfb56f541dcc9fc50648018b9724713f47306d3933f2460c60766eaed329f8396b4cdc8ea8c5670aeae466195cd1c41597078032bf4cda35bea9b37d2389ce4690456605b20628c374637f44e660a2ff00b9c2aab899dc7c35f92a88a9f6a4fd1074fef7c0aa363606f2a2a48d8fe4b6accd87c2e6cbef23eb7929629999cb747e955eef337d6aa8fcf5fb2e2b308ede69ee31e66d5fbaad012f7755a4f59492cc799711c7c02c417e56d72f58ac98500caeedf25b5661c6d4e864eca1f5ec6b41eeb10f77b4fbca37c2226362783bbaa063072cb734d7c955f1671de66a3d16e55a399d518d953252b61555c531ef6bee32b16d6363d8c3d9ad7e6a47163ce404a1fc57c7f675727b64040d0b42ac2cc434f8643f9a81d9e76c6fbd1ec1e89a1c77b8d13b0505de07bc78ecf826b182b90265186eb5b0b0f457a2e15e6ac41f55bcbae16e96faa6bac1edd085f598aec77f11a3b250bd8f156355bcaafd3926b45938bb468aa7640465e7d0ea6a378212b0c3b36d680839b540b6485b515ea1fd53313b585f5b3a30d2330472d198aa5aa887b3361eb5cb9b74f8b4a76c20c911eacb2d87f95b6c6cdb770bef6ec63d17bac3bec7286d8045b19d8c47b96f9a33ca6523bf4b28e773de586c1ba2a61e214f04e73e222839ad9b5a5ef2dad23d6ab698c959828f95733c84e9705035f2badb7c45fe481da89790ad32fc5094bb79eda114d1034afa2a88c2cd517524aed066f54e903733b4ddd231c948f91d1411318480dd54cf959b4c53cfbb69d05b5286364634bf58daee1e29cf7c941e0aad70aa198915e29b0b4b6a5d5354d8438968e6bc39a2d622f64e59245d6680bf89b668d2d64f8d950dd0dd7d59d47b9f7d9d387da59b0edcf9bb2d0a276502aedeb6a9b23f0f16d7568c82cbc51c1e15ff00b41ebbc7f2ff00ca9646dd82e53643dbba14540d1e815030e7f017598c429e4baadf82d28bb1f05a85c0f9a744e8d990f5b7b554fe43baa5652ea72aabd0e52132e0972d113c34528cb989e155ff000ffee5fc01fea5b211b32dd465c0780cab11872334cf1968dbfa2ccfae0e3a51b9bad4f2427c6cdb69c76f10ecc7d022cfa3f08e90f7dffa2fda03f5b343ecb7bb256d061def771e3eaa688e6a52b5e5450b8d054b89af9a1160f0efc43fec8b04f93e93c490c68a9820d7e2a4fab618441d135ac8da6ae79ffdfc13f68e738bbf8f273fb03c1715c4a1b47b5a7c4ea898627bec4e6d144e0d8e38b2f5de6eb362b18e99fc96c98454bce40ee5c7e49b0403231bf12b104924e42b68f6d628c7a38f2e9ea8f82a33adcd5d6f7c178269611e6dfc13887d49d492b952de6b65151d8ae5a88ffca2f738874972e76ab26cf28a75f5bf8a2d81cd3387b5fcac8c929b346f39118039a67db391d44376a7892a52e1bf29c8d4001616598c6dd2c8b975de0f9aa095f4e5554375bd0b0abe1be6b5e82e0dcc08bd13a07b7ddbfab5ec15b2946f0e213b349974bb9b441c1f9ae81aa7c74d50e82f7101a39a1061819a7e518ad3cd34e2e7187681d487adf1548f299b8e4de77a94598690411f834d5012486495ddf52b9fbd27669d51e8a2970cf61058d3b2f1a5e856ca48ab07178d5a5092370730e8f0a46823aa7559f10e9de5869b2d18b670b5b147dd62c57fd32aa4b1b2c8c00387f29bc479a10c673651d565d7ecf85d78c8ab8dc5b59f65850f73b623bc14acc34714432e94e0a312b9ee691bbe017827491c5b473b30f2baf778314ffa654ae9e36b610dded05939c3fb87f01d0f10381d99b9e6a82c15d6566f489db5a8a84edb42f6b85810755969b87e4a94cdc72a230a093a3a702cdf06fea8be2b65ed1345aceef2c47f84e7e325958d78a3627e571f34191815a52a9d07f325a5b90aaaf82a539516130ffda6e777e1d1a2b8aad0fc568568baa17547487e9445c48b8a5902c21d8a8c5af721068eb7156255cd7cd3ab0827cd6ee159e64afd9f063ef9eaaafd2f8c6dc661137759fe56c3e8e85aef1d1a9ce926798da2a5910a00119d84015a5389523049524e5232aaf74297d13067f7605daa7df6326dbd41736b514164e740039bda656a1ca4c8e2c7d2f0bb87926069b0afe2b308aaef1d026bb13332161bdcd6de4bdfcd2621c380b05fb36163678d2eaef3e8b4e897ee9fc161fee0e893ee9ffedd0ec3b0dcb4bdde43fca2daff0030fe49f1e620b852ade0847130358172f159059a057cd46dd9f5aee70bd02ab9995ba0d539a5aecda5ed45c8015b9b00a78a2d29671edff84f8c814a7251e46d1bc8212c8df26ad2cb392d333bf86c27552c92bcc8f2fd534b0915d68a132548173e8a5745969a5c7008c8f899ae56d389547c2e1e45518ebf223d8f0f60a2581b972f128b06878042424177e098f72ccd7b5921e038a0e23651f393f459a7709f11ca95f968b65818b643416ab93062a539a406eeba631a4dfac78840666bc4a2923dc344240f1b2bdb91e69f5735df77452492d4bcd834273cb36387a8f329af7d712fd73cc77429e12ef78e797b5805782cd341233c48a7c1677073999ad2a74608001ed6883658e9c0d345432e7039ea106091a5c7415f666fb87f0587fb83a24fb9ff0097462f114bcbbacfba34463b54b8bacaa745f926d39a739ad2ea700ab3c3964f1d0271146e5eae5e68c929630346f3b8046082adc37cdfe256791f9231a341b94e0c686850cee6e6af55bea866a57c13f113683aade2e3c93e49e9571d397827c8db32a015133bce0a69c56a194f556a92744d858e3962b56ba9e25758fc57a7ee434bf713aba260787b87723d4a74f8b78822d726a57ec5863249de77ea9ce7ee45c996083c47461e3445d2c803a946d57bba523ab43bcd1e5450991ed6b9f18b6b5f452c06014d9b9d9f8acd2bb235dc5da943ea906dc8ed1459232264156934eb142496aea0d64bfe2a69cec7366a0ce2fa27479e91ebbb64f8a76763307730beb915ddda6aca6ecfc16669a851ccdeb466a2a837a93770fe5d16d55c29bee1fc16147173559485e6832ffe453d8c70cef14af826b00a31a281a15f5541772abdd4e098778e514dd4f3ba072256f97d4372372ba96f1e68cb210c899dafc82cad1930edeab3f33e29df58c1b4e6d1ee63975c30fa8503e36620389adcd5a426c45e5cee29f889df96366a9d349bb133f86ceea1c4b8a10375ce09f150b8f51af1f82643da7dd3e7eeeeb3ef2d40f32bacca0fb4aa37b85bda005ebcba3282339e086569a9b8a041df48629b18ee8372b63f45e19ad26d9c8a928ed267caf1c392697876f291adcc1ae3a2683c49a20e1d018785d59b248782331919b39751c454acb67bfbd214628a78595d4b5186376d1d51bfe483647f1af209c5f2529c28a4635dbf26a29f9aab58f7520c9a28aa2a0d7f14ddc6c588bfbc60fc551e464e279846381f964bee3f8f92bb0eef24d90e25e40194875ecad2bc83dd5a4e7e29ce744fa015ba63034e670a84e7963c34722ab3d33bbb2b4b2ae839ac8c1ae811cce6935f54e9b773b8d28550386bc000a468cafcfda70ba0f92b4ecb5bd67f92ac9bad6f563e0d427c40b7659cfa04b888987902de8aa386ad2080d03473e6a8b6eff4f24d6f171aa63786d87c9a51636f97700f142169dd8ad5e6789408d288782679fb599ed7d39b34433d3d6c536731ed4716b96c9afd9191c0d5a2b4f545f3cb2caf3c7451330c04743e66a9efcfbc41e0b0e630e127108c69987d6388921ad6dd50b036b61b42990c988da975ddb21a15bb04839be96299253a9ceca4be8c751549a9e8f45a2719e2ce0f6aba2c4c8c1b8dea20dcf4070e0c9576bc828e31574a382cd135a1bddd6a8c6f6ba271e045da890e6bdbfdebd479afabfd22d2468d947fedd025a1cd75daf62270b3fbbe31bae0a8637c6f024397370054df70a638e8c81a1720aa555df0599c4e5e344c88c25ce9b435d3d512e7b5d97ed5165903873a8bacc6cde6531afebbbab1f3f13e08c8e15e09af95b5778f409661e4de9a0d1090693b337ae8b4aa0d9229199376d744d7a8d0162267691927e4b6ff00cf7569e0789e8606bce970512ac2b96e7c3dac9b4fac0f8fcd53190ba235ebe5d16d3098a8e58b40d0ab292c777754ea92d613e49d716784e0ee4a388c6e717ee8a0bafe0baa78bde1085ae6ec9dab7fcad9498765426498774ad754924015f441a7153509efd87a2df187affcc7d4a91c1dbc6d401670f24d7a3d167c3c999bc41d423de27aa9c1cedde4165141b99afe098e75d99731fd17bb8dadf208106856592cfe7cd493c4d16ded9ebf0465690e83b4c758145f8775fb4ce21574a274720ad452a800b995e3cd3def710c5b085a337328494a380e09a6f50b3c875f9aa59d88ecc7c1be253a691ce7ccfe283b104b7ec3535bc03909a51e4de9ca34e80f77598ab0ccd73fba88963a6d28b3caca6d694ba78360e91c49a700abbcc6b4656b79055cee4da9595a2e53330ebebed7e89ddaa73569260ff0b2ccf32c8e3c5c57523af8aebb68a6be6395615f98ee90689a980538d53e42ecb1a81add046555b77bcff0cacd2611b7e393f34e1c935905c9355d407c9c9d2c8d0d6b4734d7c8dcc6952495298c7bdcf40a499dd4bd08e283dcda39ada5d455a96134a5554687a710d75c6cdd4f0b2cee03eb19cd24a2cf87ac538b8a755de499b40cdb7173345e0b90546aca5b52ef927092b940a65f159dadab895bc2af409173a353a384876278bb847fe57bfc488ab72e75d668a563e9c454214337a3aaa191ccac8d75c16f14d739991c7b3cba1d031ae91edeb16e80aa490d0f8141ec34f0add16e99acb42100fde034aa8599402ce43ff79260901a55da15aca3e0516979a1e71840091d6ff96166a48e6fda34aa0d02e37bd138bb4b01ed5782b05a954aad516b69522a7c944855190ebcba18ed4889d41cca388c45e5229e48bd82ace2ce5e2838b066736c56ed248cde8de08893307777894e2e21adee035513723de694dd8eb452e170b1efc84ddcea651454c4e270ad8c5008636d3e657b99734a75ca2ca267aac8e05ecf3d135edb83d0ec33e4f7b2b480d1aa2d6bb3c67b0b348eaf21c02f1e4aaed792b22fca091cd12f8b7f9b782cf21bb8d6cb76517d6ca84e77f8f04e8708fa9d1f37e4106b412e3c17be276a7ba74558312e6f9a7cb8999b5a7bbfd53a6977a4adbf5e8cadeb2ca620056bbb6464333991b6e732688df52ed32b6bf30a987c6495ee87d7e456f88e56fda6511fac7d1aeffe37556d30ec735b66d0a8f368195f9d1715a955374c0071b5138989ceec9b68be7fbade0a5ab40da5aa4f055738b9de160afd30ec581cec8752aee8631e0daa3b4c4ccef0d028f6c5c2a2c78205adafcd4e728b53f1479263256500b55a9ed18a3878e53d752e20ccf9e56f3728e4c2c31b5925c168f051cae1b8f1507a373abc8a0e0e1f6bc14b8c98efbdd668e03a2df1469aa198f14e0c70394f044bce95341c4a31ea495401bf044e60037579d023061aad838bb8bd0631b57155eb4c7577409661e4d56e8a0eb1552a9876ed4f7b468f5589924949706d9adb347eab0d2c3a44db8f44d8ea619294b9b1f54d631e741a14dcd1b493c68a4faa3f3b4c97f03e0b39a55cd141c005a85afc95c04d76d32e5aa9236c81cd3e14aa1e5ecef7b35a2d3a2bd197bd651b6dbb09ccada27792d93f9676792a34d59dd2a48779a5d4b2780c6d1b468f34d7ed68ea72d53cb632e68b153452546e5466e29d833bd15f2d7828b0ef65181b4245cacd0487eebc5d6efc55b5e25782be8a8dd102dadfb49a6bbdc07e68dabea9eea1ccdb146f409d94523e2789594658e06e91d7f15b16b77f8f82a36ef3d677409661e4d597b5d199d791dd4673534905647b357815684c9312fda6600e41660f4e2a9c14ec738073c5873ba6673b18f28dd69de3ebc17ba610dae8117ed1d24a0f522d3d4acd8990362fed33f34c6c31860a56ca1beac6bba2ce6d7cd7bc7373798446d5a2be2b2543dde1a2da52c175a8ace0aded90d34255dc7d8cf5a65ba8e67f5e46389e8779287eaadccf878f0f24dca59b4ed787922c964dfe19c553e2636ac8695778951fbccf2e51a9a91fa29edfccfc951acacad356d54d2bde5b8c86a5eda5bffc50cd14995ce60243b4557d9bf8a0d68b2bf407176ab54c6660182e4152cf2386d08a3057441bc5a2f4e0b3486fa92b6b39cb1f06f172766dd03460d005b3cd46f2ef2c442e89b9dda3c0e812cc2fc1bd399daf015d5486770241a5b40a689b180c361e1751e793251a35f25eefdd467b6eeb7c162446d2e91d4198ddceba110abe6a5366cd5064fba0ff00299f9f359584b4040c2eafa2224ebe5508cbeef200db782ea155ca89a01e6b50bab71cd1698c50eb45ba4b4f8a6dfe1ec6aae1569656f66ca389c6c6e6daf8263e26e4a5aae2aae7ba493bce566aa59a390552094257459b642c17ed672037d9b4f1e650644da0fc54e786d3f25744433b198ba65a32f9c774a830f1ee96b035c5787478ab9bada486be09ce1467920ca57c538d74ea845c56796ee3d48b9adacceaf8700ad6f25963da6717df47c909a617ecb7a5d2ca68d1f346479b764720a471366a7e56eef329a757535286790b3ec0bb8fa26472cbf5589fc01de2b2615ada9d5fa94e756b456e89bee7e4987b8d6bbe1d1a2d16e8b9521a1a13d2d77257e9af156e8d7d98783a9aab9015ea559a0745d696551bab4aae014ccc2420b4bebb4768bf6fc5bb277225eea3ca3e2555da2f0546aab9670f7667768a39de4375abca76cdfe451db6fcfcf92ccef82aba8ec41eac7cbcd39f392e73b8acc316c7487b34a8561fe83544d6a345b49599e9cb820e1a1e87cd3383636ea567eac43a8d541af341ade1a9e6518c1b9423881cff0066eef8f041f56d6bbeca26cac928fae85386635269759b895af448798016ccf1665f9288d77b2dfd875742b345bcde4782de194aa03a201757e7ece8a9d14a7447c72d8008f4dd54a747ea11599c5657547da3c53db4bb9e485537e8a95e0891c150f04e8dbc1b64e86a1f7a66560876a43c116b0893167e0c45ef71738f12ad68c759cab8599cc778af7b16d19de1faa8f3e13248fbdcd5cbeb4e8cb5bd961e279a19b5f04e924706b1a2a49e09d1c46987675473f1410a1a2a442b21a50735b19f0d2c7ccc46b9bd1530d301281cf2b8fa14dfad09237e836a29f35432107c6e150d72f820d3bed437b29e4ee877119dbf8f44b1f75d98791baeb6bd175add16106abc4ab0f6acae893ec8b057b2ddb957e80e1a852621c775a2b44f73865634d9bc82b0557200582f15ad4ab8cde09cc6f5b9847cd3c36c085659583349f82741877669cf5e4e5e4aa7555eac435726c718a347409a61f75a83c83989ad2baf4ecb0fff000cdeb7da542287926c5239bb4a5481c3c1000dddc7904f7f003753a633d4ead865dea85b4c4360a5378b3b3f9afd8319b48ffb64e71f02889f0591ddfc29a7fb506e1f1513cf726f76f4d6e230ceb58dab4f50b71e5bf35ee64ccdf02ab26ae95b55bd9dbe954cc933331dda2ab65638f8140f40752a459171f3598f4d3a6fed1541d53aaa2aa3622878f1f61d86ce46622b979211c4ca342a9b9540b5f54066ded4f82a0bfe68e5fe33ec3c100351ab90e8cada78b93b0d823bbdb939f46775a11a9e6831828d1c3a233893beeeab3a33d37ba0c711ac7a13cd0ab86f680ada42d156e87c7fc2de3579b928d6c5cb7e8d8858f822d6373016dc6e64648be8e9a42e14a64b27ee882f50196a219de27672905564c4c063f1eb855c0e34d3ba0e61fe92a988c309077a2343f029e639692015d94c32d540e360f90391d964cb5bd3822e1eedfcdab6b18ab8f5b2fe29a25616dfe3d1d605085a7cd0e4bc07454fee8f4147d87228f4053fdc4547eaa5e87ac474c3e5d11f9a8ba67fb853fef28fa1fe43a1ff00791f2589fbeb0fe63a5887927a6fa7e0b19ff50f433cd49f74749f3e828a1e4bffc400291001000202010304020301010101000000010011213141516171108191a1b1c1d1e1f020f13040ffda0008010100013f21af453d4a952a57a57a54a95e95e8a952a57a95ea54a95ea57a2bfe42bd07a8a70a4a0daf48aaa8bb8f563842ad6baff9a952a54a95ff0002a54a95ff00751f514f52a57fc854a952a54a952a57a2a54a952a54a952a54a952a0b7a5f8113ca306edfb8b6731a0c6161c4972a64b85fc4dbd15ea54a952a57fdd4a952a24a952a54aff8a952a54a952a54a95eaa952a54a944a4a95ff02bd14944a944b92566ad55fd3129971305e19aed1073ab2d857c6c8e3eddd6b4eb18e1838d2a80c7dc1085a336cd5eb52a54a952bd15e8a952bd2a54495ff40af457a54a95e95e8af52a54a952a54a95e8a95e952a54af4a951f9143c381ff009c4e6d1a511d630b46c31d6bc843e52a4710b40f3b9597688fb0f4aba4fc0e8f69c526d5fb3a931d92a54a950257a952a54a952a57a57a57a54a952a54a95e8a952a54a952a57a2a54a952a54a95ea54a3d44950f65e2fac2a14b80e9b7253f3704124a5e07560ef999e25b1a758bbcb0aea267069ed8986f1e9119a05ec12e79b09e4f5ae25ed8e4b3ff9d4aa952a57aaa54a95e8a7fe42a54a95e8af52a54a952a54a952a54a952a57a54e0e2db444227d85f06d9708747307b2eabe65edb6c4ff000199e69ee2e63198c6157cdfdc30c183134f410d36c2bf30bc5465b8fa15e8aa952a54a95eb52a54a952a54aff00e552a54a95e892a54af454a952a54a952a57a0600ffb8744616612debaae9b6d67862d26d1e72e61bb5c850abf764228025d29f3ef3544ae82eab7ed2f0727e10f1c1d0ae7f3f5304a862523c93e296f4a952a54a952a57aaa54a952928947aaa5253fe8152bd152bd4a952a54a952a54af4a84890b56ab31a9274c95a57fc5b66684641579e5f328c49349973fc099fcc151c87d8bf748108206e98a2bb7ee2e128751eabe84125175d835707398a0f7f53ef28cab794f2c14ea438f4ca7006425a3a0bebd2a57a03200e599643259a654a95ff00cea57ad7fcd4a952bd6a54a952a54a952bd0725377ef635ef05223845d6898230c559dad8f998fff00b2beda4ae39f804c321f57ac7a107af9a839007c7b44be902229e0417c01a3d195c0dcc136ca8c266649098b3ae7f24a9502d0eb1931ed749c9220c604d34b4b5395b851ad69a71e95ff00e5affe86b59055c3cb3027638dbcbf53c9acba3cc2af653ffa0c2e17c1c3631cab676c415c029d2ef3d09519c5878274bfdce5d6395b776bf5330858e441c32a69f6a4ee39b94602fb1f9c147a9595fb858f71c22823cbb0c998687d305fe99d606d39416b1ff3ac137c115ebd0b76f99c923f28b51d0607776d0efcc4405776016deb2994ca9bff0077f53d6bff00d7da024cbc6d1123635cefd1eec4b8a0e39efa21ca5b222b2f9d7b544c31e57c116ff3702037dd74696a65b4a1f2a54008f63dfac7a58b176fc87fe4acb60177d6bcbfa8641fb487b11e13585ee20a0bf1c7d7a85a4a3d688ce2dcca25f599af88b908cb84eade5ea406f165752a20773104130d064671d5de2641a9503ee47e7f761f98e41254c3d0e5ff00b12b63067e0cb7e274968b58059eed4a8ff8c1eb7ffc96021c88cfa35580701f22d944848da8ff008bff009bff00ab434d983ceae372cb6371d98ba799b1f0edf7674d67025a712e1f384f5f66d80311519cdf6765f3150d81e60ebd3701a874855cfe10d1e42b403963d306ce3baedd2f466387b7d6eaf8e0f31f5a541b7c0965050ae9e9d8eaff0030db1f40074ff8156506dbb23b0ab6d7953b820de8f21f9209b97221eaf5c9ae6151e1730184704d1faef28982c66af15e73298116c0f3d6502e78e6b5e63c63a009e3e113ad79e787ea6c61cb0b938f3377aa7dcb972fd2e5ff00d6c4308b6babd6a777696b69a43f3f0c2aa71e889ac3c4aff1e42fd92e5cb972fd2e5cb972e5682b8bf6855f7472fb7eea5219b3fcdc7e65d0e720fddfa94003dcfb9c7f6d3e47446bcb592ea9155460eb5b8451447cb8ed066a941600c28d844e892cf3cb6271d788efdddee4d3b1df5639dc1f40ff00660d3e2b0b8ff72cf3187e57be1a4050972e0055a0957cb66eca35bb7cde7c472bd42c8ce3f1700da9c7e665659acd66742b0b9a51b21cbab1c2ecbb28edd89701bc8a94a0c61d1d732a020235a2c7b96e5aa9836eb38aeb80af78f6ab641ba3fa1328a9b2f99856af821cbaa5fa258447997e269125d7329d130e123cce25a5c31158c4681ed32cb183817e37e63b0ddc8b1d5c9d9826d9b21fe9826bc15feeca0f33751972e5cb972e5dc5b3e0e63b4a10bcc6bb7f46542997d35c04e147483e896cef8d83daa257ca041ed0109e957c7980523a5f74f0f50cbdfd178cfea6e2aff3e52e100d0a48c777f2c2c22673def2fd7bc7df3e7fa7e7c4e09a6d86d767fb8834e0cb6fa8fa5cbdf62e5f054e67c7ea6c3e25db0af49b0b3da006a8afca7bd8a886abf528f12d37d37fcc61a9a6c3712feacdbaf10ca155795ff5fecc1f4cc8fc1956d4f1273ad31410c89a174a57c4af9e5ca73aabc2f12c3f5e83800fe49c95e8e4c27794e3327604313a1c9d311a8dbca46c23e08cd577d222b5ce7444aa0ebca3c0a7cc3aaafbc66c7b29806b79602501abae9e221eee8772d4d15fa1166ed6c5bef09b579d0255195f02cf5e268928252e813f3f88d599f37c9724476a642cfe935fe1436ecc03851b2066332b9de37132ca10aeb1d6fd4ab00e78095ea2d25f066c038ca8fc9d7b46a84e7f6cacf7e6ac45004753f9814eaf3ee617bca858fd414c90f64cd423e09403270a114206b563f718a2da5cee4b6aadef09ebe5e43a5f63ed8842c52b77f2f8aff54a608e5c4cdd3fc61f3ffb294bac5fa7623161b733936701fbfe252cfeeeb878eaca869aecdbe6fd432f5301fe12da3d87f31d9ba489d02ab49fcc23b65b81da2bc6caa18437ec2abc4a5e6392f0eee68dfe982fdc226d99e3cbb42bd73d341d25c459e8e7c45180f1fd115c6cc07d6a6ef32cc2218561e27f953920a14a3e4958fa21a09f297b9ccd0d3baef1cc6fc2a9959008bf32d80302a653ef380b7b40f81ec4450772db3e6fa6ff0055cbb327ee300e3c109f2a9b8bd0d7a4a5e6da7b406abd1167a09f64194a8abfa0ca89e47cfbbcc6379b197a4b03ea9beebf48edc8f259f72be12f29d3f2f3bb8c535eae0f07f32d577aedf0861878dfed0885c30d8f820ca0b4a930c09d03fa8ec370bc5d46d890724f23759256015e97f6b9891ae83f73c616c5fb4eb222799d607e65e783ab2d892b01b063a01feccb9bacd358789acc4a67dbd581241ee007cd6614bad14fab95acf7e0fb7f531c634d658e3895e20b0d238b74ed3243a5dfef1e333167a12bfa41c2ac296ce616a7c5a7c5cad5aab587e1edf7310a74d68e58f0bcc412f52bb77884c8e010ad17ce3997c9275d149006ae8f517f99568832c0b8a1dc709f07bf597613460bf30b1ae0620629a75ac61fdfbcc26cef2a1d1a8ac26f504b4f0eaa31e27d70360de516a5d9caf025137f655e26a63d444993967998f80e0a8e1fc84c453544377e794d68cba7318f7159ce89999f6ea2d9779adcc5da99aa3272bde65e3aceec6fc8fec9789ff340cdff00989e351b3f47e105b4a5995769fce1f72ca63c769a76ca506e59ca567cb1895a4e8c658967b8a40c6c111c94804078332e897e6c5bfb4097ee402a78b07f50ec1969a845a4a63b509d56171114eb6f13122680eb3103cda725c1ef10eba2aaf4b757f98be040ce87a63ee00410d036ff00598960603e9ebd21eb2f0bf88a195ecdc5b19e2804e1ae541f9cc317bbe7de65381bea9ae01c1b66253b813ad6e66d7251b21abc73d732da4e4a557b4f0f6d1dfd67439f128350ae072571074aa96cab997f0c3e41f30ceaf6ca94e3cba743fca8cad4b5e582013ed9748d3798a946c1c4d70fe94c75c650db0025a874a440fc442bfb3fe257a93a9cddd3281eaf403c6b7350cbbaebb318c3575c0c7161d0620680c699812f984acb83a3328dc5561fd41bceb3fd62983df5fc426f7237cacbad2aac67a730444ea387406e5450c22f351d7bc007947f0f7e2280863410a298814c9e3752c8a86972d8433655ac205d0a9406c3099643aed064440b1b447a70b477d788e9a9674387fcf3056e4728a9fbb788326ef27eb3cff2b319a86b0620bc9c09091b7564f64c64e94d6b673f51ac434959d65ae4d9a7f9fd468605e0656af095982ab3672af566c8c35be25a9819f92f1b96974a418d793f0098c1cb960969be659317e7ef146bd907dd0a50cded7bc148646cab56cd160366d7da312fed03d7b78e62d68a755f52e41b85cba855cda57d530cbf7709683acf69ca5f800ebdde9034b46fae82429d1ddabfb7e22b5c60b7a406058fcb7123597a8278aac3992a5c9cd90b7580e90392cb8ee25e48ef20794f78e470416546f55194ecd67046e6dd652e3ac244bbd504a6ac1a6e53c879b2339b36c22930de6629122d32c0d1e1fcc1544cfbfdf95a9ed2c6cb842ff9637e611fba4b089da7ee5c31817d259ee99e65a007602235bbd1333bd9531e9d658fb4d5791bf0c1edb8e239b1e7998c17a0a8ae255d3e232c9a7f02d9ecf7f12ecb240d7cfee1b82705c3fafb8b012df1ce9c7ee502eebbc57031058e3867ea59a49671a83ea361f48699e022f731fecc63c43fcac4b9871ef39b9a007d0079082188c7dd839943c9fc4a836f21a8f882ec997c7cc0057016875b983852c31943aaaba2d2f57b4ff29a023fca9b122f98f3d6339f1d5fb8aef1a45dcd6ab89420050560d12e65a1a7717f516eeff39711505e1bf87de744dfcd54fb5f89a05789bc06b9846807465c1f16905d80f984dddef03387c4ff00cd85ab1b24b37516594a35c7811785d2696332ac52d61e4fda04acf64a495ec70976c3cd96a06d10ec8f777ed2e9566230797fa4c773aa57fcc5934a926ee09d3dc5e663a0944275cee15fe54f3312e3f68a3092c77fdcc3aedd0de2b8cc12c9e33ea1fe666086e676bee2149b397d889e90655ef75894230ac7831f300afe140c7f3322ff0037ca2ba8f18443f2669a318ebf3a3ec61563b5fee906a0a85f41c7bd3e26c1565f683822722d387b21f95881ba1beaf1105b687f94af8d85cee7ff00209b3ca7bb50f2d6c2d823ca04b4b94ac412c54797cd1c405102cfd2982e155018836b267ad35b0af31a88d28add5ec400e272d7fba4c46a0bdd2fa1ae4c570fc4c832872dff0065b13f70c8391f83f24f2c2df2f3bc4461368a19fa12fa507788824c295544d0b460e7066931fca5e0bcdcdb036cb7827530854be36f9a88bd9ab3ec70f79921727d0e08ce0b6de2b895df6e139384ed29916a09860c66bbf58b020cebb22adc1d944f5ccc143ef65d14c7d47abb8ce9c17c00d46fef4b1998788b45ccbaa98a494392f94d33040852d47161ea3e106ae0a2f41e1dc257361b4c457afbf59fe9f94c635cd9eefce5590c491fa0f936c46b60745d63ea2c85aae0856d7b35e65fe8c78ef1c76b0c66bbe73da36cb8ac569c75969e7b7e1f7fc458246e9de7f808d1a5685ff44c12468dcbaf460cdbd50b6173e1109e007c242d10f4d4d0ed009a3cc330cdd0fa7f99d604aeff00f753272340772d4418bfc67e825b9fb533dcadf6dcb4dce6180d44dc5b95339a8f6e56b1173c95aef38c3d2bfe2f302a230553d2f501157e87cacfc439eb69fb06ed95a0dc3de0000aaead62dd8a11df265946c0cf7a81aac1b629cc1e3503343a3396697fc04512b2aee7e17e086b9f00d978de6be269ab6669ef7af6804a696d542ab98d6b5541b1afb840ac6df1649705016be0764aa3571cf8458e5fb25323d2cf78184af2fbf2e63196b28e443e200acbfda8ad7043e2e18ad1ae90fea92deb0a41a943a5b7e2524ab5804e02fa7a4ffcd5f13ab87956599d52809af739f3184a14662bd7cf796e36f944b7c11c2f835b57ec61bb9ec5dbd4e7f09ae5ca06bb524bedf712a1889427aae97c4e7d1a5c1e201a35ae5ec755970a24da0e9dd796110348799a78fc933351eaf970fc421bfa3fdbf538e9f9e37ec5bf11950aad01149a3b0804c24d183de0b31178f1da3d59630211d9072261845f30120374747789a3c6e67f89bd806c7bdbf8863890f8079f7602598e38a6f111881b088a122282a7b46f31942deeca8b1ab6a2f688a0e64dcce19d087ea58a4a03c4357db75ef1ba360305f8e61517620ff51af2bbc016bbc5414510a086302cad7d4cdb364c00d546e73354a7af88c30cff00532d33171d805ddb81c929497c5aedf58212da3fddcf8df98858f6bd3c8934a4023d9e799ecc7687e21601a2d8d49e130e127a9d61875b79be198baf22bf8f128ffa096cbf69f11ab9bfe0cb83d2c9af5f698751662f9ed167c700e9ed0b206da8afa8f0db8ca5381d3bcaf3aa781fe7bca9d649f67f88cce93a93a73eec68c4064e09b2546df25dff0010d1d732f81e4c3e51ee598ec7fecb9f6bfc22123a81cffe99698d76bf9ec78088f3959ae2654b30ac732b9080be8da27a4b711fe4fa2e1ed593b8387c5c27862912c5111d74087f285a3becd8c6573032c49794d6d93366a0f41e371e22a24e7d58c1fe3dea1bce6c3d0883bc71f0d8ec7a5022f7744ec2275f5182eb336f394c837f399969014578c02e382e6af6c66086b672f835883882eb832ed81971cbbf77fa83a22dceba97b21dd74e09bb2f1e617a4764877e8efbf33bb3a4fbdc65595ffe14c3b2258abd1fdc578fff000882fd95cc5e8f0cbaadae0eb0dc17c1e270f6e0335da0886ff331704aba58fafc4bd597d0b17ed0775ea724012f97c8fabf286112957a7076274ce7c2e29006376dcf7652d0e22d65d467c1fb9c2e8bc32fc136945c30bad4774a2f2a1aa8015fea3fdd66ed11eea3f4dd797b4c9a619a7dd98338838dd771ed0144b8c25c017d593f6a9f8a02c0afe87f13430ec1be95160ad364a7c6bc434c4139011e880cb7cc393952699464ce41dae512ae06fa26782d602f3ae505d76ce321c6e372580c730eef56dadd9713738be6eebe583c846c71ef01d46292a611fdd3070ab4a167b67c3a51bff758c68667010332afc397e230aad3a4e53288e5bae4f98b587492a6a5c14c7b22338540a79506e455fc0e0efdc8f8422afe3e4ef28bbab3ae460e8d6316778d5580a09d3fe12256ee074018036b1330eaa8befb8e4ac9d9d5f780b23336dc2c4676e6d50d569ffb5f8891d73b2cb9725e87dd834c50810c315cc6fbb1546760b6f59713441a1374b3bed734ff00be61685c8e937038ac4c0d9094928ac942fea2e1f623f479dabcab2d058778e16e39664471978b985073edcd7d7ee61f4377109529d7db09402e2b4029ed2c578c34a4bbd82bf72aac3aa01555d013398555f0c2df9c5935e923588c0746d972a53356b8e22036bcb6f9269f4af42f521cafe629ed4c47037752ceb30b1dd81de3f818993ab2cdbf130365855ee88160e24d2518807ea398d09d4bb8386cbd1532ed85651973528b5170cb0961d9a73925280ec09830f699f49935dc5fa9924062227b132baea962aeaaed8111c4afd090912260ba0f1f32f155badf688dca4de8fe61ab4d17318d3bddda3afe101969a76dfcb0fedc0965f98f1311b00ee83a495b2194dc3998bc6fb557324fabfcf068db9947c462a8b05c4edee25b4754eea6682eeebc3a84406fadd951a73e69fa220b9a27f0651d400ab7f11c92702057b138e381a2d4fe7ea21b800f6cbe989e52a0be2a1155be1213f3333f8a216c2e7089f32f19e210ebda8c2a8a8ac56a0d6f7e7d06b8a43ddc511aa040cd9d52d05f3ccba3f646e647b9736e86453ec61600d6be6ed2b05b004bdd876042babe6b45f78047b450b1ad6317de74091986b25e2000789755dee63eead7cce8440da1e001764b4a5a67800f2f4272c66ce2faf697a5d0fd04c6b2e56d4522d7283980c495a35c3503820325ef87b4a4a86acd3c4b2236e581de1e6ce07f9aef14bbd036c1a3732e0edef3c73c1fc4e325959bea4cfb45206b6576f5f7972959973d27cc5e4eb385122a0f3c4cb6ca482e580eaee087579fdf9312e481b68133f4109b13ff0061edac8aff001c4ee7ce53a913b3b596deadc70a975c112e097dfe67d5a194c0e972c7997e8a87f473ed2f28e0d0e141007510551725f962e21628d4582f495017b96def3dfdc4440344f88945ed81f943c02b0ac246e346b584705b62a1dd1838bda1d35434ed07256e1d1c1b3af8254f172147aa6004c5f881178215e29734061ab45bf7176382fda7ec4c318798f98a836870b94bee0da93adc03a53612029cc5d557b455d1334e9de34b0778a3147586fbfa1da32ed70977503c1d88ca08eeedf963706d988cfbc1f0976975a7756259a5843eeb9fb5c15adfc9c71bf7466f8151a11c749d208fdc3fbcbcc6839235b90a161cb72b62d19aacb172455705f2aa3dee6883c10ae431cdc769c7faaace7ff21e74de7ecf32a5db6a9e27425543d1bb47c546b8f49399c6232d4d633c4e083c12c4db3356e2b61eec1da6021aaf7198cc0c5f22045b723abe3d987ec0e757f51f05197d91dcc5a490d2e3e26478186d678261e52beb50ddf81852c8c803dd17a4480757a7cea7187ba9ec654c60dad129b7563a9338e22cb847688078966c603ac069e759d5217074f93e61284597551d8ab2d583b228a6eded9ebdd98bfc4d111ae8f2678579cbdbc4ba633280bd5bf2c02785d74239963cc2b32ff8254315ec59ce9f04792a96cc2fff004880000d06883a6a339c109302640573f80f996fc89762a22b6519479704b013cb84eee60f5b61cb7963e79fde7f24e34c794385f298ba8f7a21de3759700375fd92c0c8549bdf7264d9ef2ae3306aca194b80189cd3b8108f2b7cfa14be8de7704cd2de7ddc1f11e2e695ca317571aefbf2c2413dab1fb23f656d9476ef16e0f482e17465aa99741a5d06ba11cd56bf08b4a0f5b3ef28c5a64eca0e8d31d3b2ab4d75e200b7a7cc500068273fc65d86bc42da9f8ed2a6b8e0db3e0e46b44b0ba132ff001962ef18b6e92f076c6eb0f2749efe841162a45e71f5c797d47eca12844e2fa4bfcc31d54dc77668945ad6e590178c6b4c3815d6c60ed09131470a7103588efb52f038016bc70f7f887825b8279fd4b096760639e91c01586c7ba3830d804b9d5c5688894e17bbecc6175a9d099f6863b06cb28e0dce595d47f0f199159aa842385b61057c8a47a25ce152c04b60c8b50da16488dc7c4ad44774b5eaf0c2e7780e2d6315b8b7b219c311615d5897a29de06f41aab0794999cf69f8389b153bea1a6378602ef7970c5859be6aa5d56df24b2af2f681f076d6575600b467d26f383a439a59cd5dd1f9e2009d6cd6b3533555d50752d83d597e7a4bf33a38e1eba038bf32d3f6b032103756a2dcc366381cb0c30c7ee1fa8581cf73da20bcbc0d1d020212aeb1bf786d118ca4ff001843a8938eefa2ce8f11cae84afc0c5b89266ead5f32e234e2bcf0414aea725789692393faa7dea56528342795e3da29b3b37b8acc84d61aadcaae3e96f6246b75ed584dc1290f9264aa7c41c5f020e517dd846dccb3de02182161de5cd5ccd5f24c94bcdc6769652c3d61776d1f7308abf528e99963091cd5395c03b6316733615f89f8188d9ccb730220726a648637ae8405baeec34016463ad5a0c646cbb57fef11e731d5b3cb2ec5d8759e1196f4df5816f961a65b6e0f043beb0e3ff31e345b40ee35ea8b0e1682fd9e4caa23f6fbff008444816da548d5afd85912b5aadd4f894cce70a65a862a163b98b3d9d98a970c2ada46b66c764ebe663e27699c1803f20c7ac28e2d9c176389f4f67cc5cd7e4f1e5dbde6b899e5be92c8b99c971321e33c72a86eff00308adceaeb8ccc75a4a7fb0a77d4b8983e94400ef23290fe6f7432baa9d250b8de2c14aca3abc466ab52b352c2ceae605548e85b585798599455911d6825ca9b080e570d44cacf0415bfb42b18f403b01d2e5af63d1d92dfb31706233454a9e594517c109808d8c45b0ad7e59e84b018646bdd891a54531dea5601d8202db239667ce3d7f6c69436a5aca57d29fdc1226d5ff64a5445c19f87ee2c8b12d49d75a9cf12563a884d81e7c23be72d8101a1b93ee97daf112ae2cc6aa36cc12e4060f25fcc2088187d30fea60453ecfe97ee13e38a7da44172db564c6cbc2e4940cdec4c78c4ed94af64c0788daab7e1df767b41aa44814d3ed1831a8587b107d466718980e5886317ccdcbc60f4b61f99bc332da5ef6be98d44e4f3809e26363539a589e91b6e8699cc5f7f42852acc763a5c970b8d976ce389e37bcf9bac5a79d798ea4874e59bd8749d2982160b5289d7531041669e462514b76636ed23dc9832d689645839838ac41cf8c3a25acb72e2ff000a880571c096a2ca3cea1f6cb0177cbde182a202ad06d659de5073efda53541854a6313d43cbbcb2e0b5879981b3d5b38313121c13b8de4c77884b52a2edd29c25aaf4c8bf384f216bfe512a17a1fe09674a5895dc6c27ccdf08e782e3f531886b42acddc30c8ff5a886eebc2debeff33b164359d49d333c44d91f3d4c8fdd2ef71c930c115983060d97165d6d4e813336d5da759a7785b13238833de6a4bb18b4737710e2b95f9d69ed12fac80fd92e53056e79e925964813b884a483976273c1085f740d070db0f0012f2f29be6b670799742a16dcb2d3e42fde627959af5597d0472a2c0efb4976e773245bfc020cf3d026015995cedf1f9896c5bc04b2ed157d3d068dc8be919aabd222da38b60f8f48ca37dbe9cb33095c0e871146627430fe60ce3b702255cc8b4e643dda087c3767a7f3084a9fde6e6f55d1f9724555b87f053da3fe69c5fc93241e6c29c0bfdc008588e96424358056df465fd6def7887040ba79e69dff0033a04cc67dbd224d5a776162bb9c4af0ce57ea658882b12dc706c32432c18cd2136f8f439869f336ff00c001eaba33ec7a5fad1d66de47a07e04ff001789f71f47d39f5cfcce586e7d1cde7d34fa11f4ff001fa7ab0e5fee5f466df1fa9f673fd7dc9feaede98fc5e87de9f593ec4fa3f8a7fa7d587e93ecff0013fceeafa4da7db43f1f5d98bfffda000c030100020003000000105bc65f9a072bfe10aef18f3a80002472bdad7c93a66be87d8a031cff007ff6a1d68fadfda3c837083fa736872d52a00e03171388a2aa9a3a73df553393f7d50cb64c3139d3babb0dfde83a5bfe452e46952d4798f840415c7b919874d952ded93c1043408de7ff0089efaa48cfb2154b1f61d18c0a081fec14b1de7230ac23420032c1dcf0c542105f66d4239c631b81dec1f3a09dcea7238b2cf961c175e11d1231ba9fb0c436ff008f408a8474dd913f7bc0848b27386153af209d893e52b7a2c73d02aac1c827c368557d9c9a864dbc6bb334223fce8de5b23e560b533a0ab784d1e0bbdbff006ad8609a765ef413753636bf12ce2041348ac89b4fed3ed9e54e30c7cba3fa2d0a7f5cbc90580edbbc6dbad43a6fc91f9a44e9959630174db4c0693ce74da29256cafb613f796f237ffcf4c0249bf0750e1f3c8c070b1765e407e6b2a60c617079f817dbc9547e0763faf7c3b61ec4714b16aa914bf2128394cbf30c294515c4c9ace7007a2779795ea5ceef0f74479bf8978fe5146805b9f44434cf1e10adcfa0af4fd00abe55baade43b2264d1197cbcf86a7c24bae4004ab48639da1180fce91ded98d2a1cc87f1101a7dffc4001f1101010100030101010101010000000000010011102131415120613071ffda0008010301013f10c92cb38659659fd6719fc641ae42cb75c7259fc1bfc65964967db2cb2cb2cb2c920db32cd83f6676bd608017821de591fc671967f5961659659c32c7f20074232f2c985929d4676719c659c8cce4d4ab2cb2cb2cb2cb2cb1e1fbf803a901937b24e2226fe5bfbfc64b2c938cb2cb2cb2cb2cb25784ecf109e9b1f6cdbda4a7b1b752e3e90f90ee046960e165927f04dffc401219db2c9a3dbe7bac63fd99b385c48f5746c8f923ea761aed9c32d73f57670b8b2cb2d48fb0938812c14ee4aed9c09e8e18192db3eb86ddb0d203c59fc907960c22cd827cbb13fbbea9c7ab3c1faf0070b6d119070700d6c7a1067b1be88c4b1d5dad8ca9d160ee0d96f104614452c5865ad92f610404fc12f6d9d6637925c6cced8e86c0fb1061760c63083ff52766c5b633b361e125f91f870eb8378aeda41685d8d9d712c0919b3ac81d48bdb2ec9d92c3b6202d2e1776cf1c2189dc4f4b63be36d992ccb2c09012bb30752865a78b490bec86ea5eef648f27e88bdc3abe517f20972ee99e35f27f692ecdbcedd365a2d59b380066744092e893b837cbb8764bdf53c1a8f6f37896fd223dd9d4326fb34d599c2b86bce26318e99002c76d8da3183033787deae9ecaf133db783e483acebfce308860fa890320642e01b259cec8ad9d65e2f0c829b0c25e89b646377f50942bbe1ee5dcc561fb7b65e5dbc6fb1ba0c6dfdf00c3b75ce72bde49d5d4cbcc7880f578773bf24501d23ddbca7b2fa6ddb0ede3a4396c0f426316f08cf5a93e91d2d2d8b781e34f764b8584622ebcbbf57a19000435bf2c1f48d7b78c3be3f1b7800f1d0d8e1efab23ab790db32794d200ee55a5a7b6d3b4ba753fef187fb6b11e1f8b3b880e0d9e8431dc8938c382386394822e983bcb27f166700f71c2c964fec765f6db4c889e1965ffc40022110101010003010003010003010000000001001110213141205161718191a1b1ffda0008010201013f10de472db786f0db6db6db6db6de36db666c7abb6b791836f3b6db6db6dbc6db6c36db6db6db6db6cc748d1a67a4990573ef1b6db6f2db513626dbc34b7f1026db6db2def32cfbd5e5e070fdbe0fe21b6f26f0db6d2db6db6d86db6db787db8948ad99330b148ee5d5b9f80de4db79db78db6db6db6db5907ade05e1487af6c19dd8408b33c493b80fdc47423538384a3686dbc05f83eb63c93c73cf999ee491375ea603bc9fbaddc0772c6706246a10c8d302de76492fe21c2db6d2de1a2c1ddd2d3d8d16dbc6e710eb57d7727dea2d65d300d675c38f6417a180599d3cba1d5d4cbaf931fd2d7eef598a1b7cf61fee5b3772f32fa4013574d923bd64fa5a7c98c1e46513fc1b2965bf1255affccdb90834eefab793e5b77c58c6745f12ccf848b51d64e20847a82485960c60c3bea6a93e4e0129fc8bb0d84f319603a604d81c7ecb52ea0847d0fb278637e845e1ecaeb7b9e400c240361ecdd1fb902d064aac809849f19dc1840eddd9170806c91f3a83525d90bdcc752c785d1ff6484d80b124c0035be13b3af1832f81650dd564801c3167f5c0ea43b9d3b3359df208609466df7f2026d9d41187b2d41ffb707b1fb462fda5eb3bbbe00bab09275c2290fb6dd830ff00ec358e32c8f333bd09db23a41d6dd64eaf521ddb47b646a11d1b6831ae9947b69f0b69d1dc0ca229c2f6fae3e64ccce582a5ddfd3a3fd6c4846d2c5bc07eec67d603d4035914c98f64f674b540d830c0ea4d5a9fa61ac3a770f420eff66c20ff0048f2f910413d990c7b2ed8a679ff00a8bc9d43be36cb139e583374dfeca63b3142960c5d6473ef712a73cb1c7ee504e3a8c5e17918c997ccb6ee5f2df4aec4637776cb84c927f0fe2ecf7c682ac92070866e3a3822428413b62a9d9e58bd0f900190be058b7891b325e7d5e224377e5d9ec06e30fe8d87486e5a4b36492402442a84708e3bfaf6025aff003cb344fb790f615ab3f0773feacb86117c48263b6c643a94eb767fe4fb65af639cd73b2e7018d7b1d5d0c8197d9030b260cf66ddba2c63db3bbbfa94d80777c9065c97ee5a7b1891f9075bb85de2de4f19c32707d72db27b3e419ae54ea2088b107218dadd2ec8163f53ef903278ffc40028100100020202020203000301010101000001001121314151617181a11091b1c1d1f0f1e12030ffda0008010100013f106d106b72cf71a6a36d6098b51c8c4693b73299a4a966316891b12dd90612bf9db4f69ef3c99598fe7f696ee7bcb77f8fc25661cca112cd33a803728b72906c3da890b28a05974ae52a1467c0574468630db9cac57802a6b87cc00d4ab9ae22422ff80bf2dbe210a657a9797ee3152a544a944acdc32ccc989ed0046cd4a57e0fe1c99acb46bbfc597f13ff00e2ef2d31fc3d3ffc85e5a1f8e9f839008d7591ff0012a704b056dc3d94aad1e267a865a082696911c3bd903ff9f98043916de73ccbd87634c690b41de602a3d6152d861a9942310662151065459c4cf88f0851966a5fc4a7cc7acbcb1c4a95125a67c44405fe560a7510ca9106539095ea562654e255fc5e095ea56b511d4a7528ea25cbb9438fc0b712bd4a2f51d2b01838cce02a3e36b0c122c906e69b77e28a41010d9a14a29671920c23e5d2140bdaf76abcccae262bdb544fa6fbfe6314b0656babad4a95d415c6c416a61b966079dca4aca43c6e7a4c257889ea62ea7866b323598f4fc1a4f495ea78466a23a948c52cbb2d071514712cfe25e56625c7c60a5dd12dd4bf515d4a7a83e22a31e9103899ea67a3330c807397a1854e98a47895a16496ed9559b794905c6d7427f700f4f770865e4b128d06771579e91ba604bbb717313407a2298c7473cc0e575fe63f51b41072bffd4e7b54ea867afe238b8a3999b3da115ea63c4f48df442144b54af13d254b4afc2b2b3d3f07c3f0a752bd4a1c44704f495ea6110caca4af52b7297a88ea7a4dee397e6a4006a2dc4a4c25ba215e2192b90e2e9f709e1d690a88dda0db6f08394ec10030b10a5ad885604fdc1c81cd979a95bed2656a31c376d4d2bdc7a88e149d41784d611403549ff7ee52992e90358336f16425a7d78ff4f8654a952a54a9529ea532a78fe27c6624a44c6211afe2e38fc7c23d53dbf0bcb1b3f1bc649b06a5de2794bf52fd7e2673d7f1bcbfe0f8fe38713d21d894ea213499c9650dce8b79804e6f1ffc0303c40dad9898396681641a30997da7572018ec42573c998040b4740896baa6b3cd752cc33ab40a28e4b161ea2d5043031ebebea1af08109ab97bd3aa72aa2aaeed1921934fccb151c5ea187e205c91f8264e495ea1dbf3b37b948cd7a949e93c097ea5ba80fe43c4a254a944ac54ac01afc29292a032a4a7512929dc092912ca47a4abbfc2b2b28e8b9876ada13d59fb1bf1029988df209960178a311ab544d3a1ca02cb900b59c10bb7c3a9d26dcecc96ed9c3be163021c1e467045f445b62c0add6c09e48dc262c74a8ff582aa0acdc0813bc11f23985954f1273b2cf3007ddb082ebe550b0066fbfc4ca22b501d4aca404a2367c4bf89e87ea6713d439278a78a501a947c44f0413645b8498eff0016a712dd4b752fd7e6f5fc6d04711fc7797fc2f2df82c95050cbb0842b002f2f5368851fc17bf44c8e80586f659f51ee2162851af221f25ea14bcc2480df4d179f4730f990142a23546fc7811f3c6ab3a24c6caddbe92ffee56fb65b91005d266cb265186aef5d005195469bc10c882a36b76db6accf15de470339a4a6dfdc4a31c6f16e35eb70c78814d71114387170010a143e27307d4bff007031a87e047a9b0022007b589533f417f910496163d9f8525257e1d4352a512a54a950822a55c0ca263a89ee50f129d4a4ad6a21e257e2910f1291fc79c09b9b504732ea19005af12af314f807f90257d0c63c9585b954e28bc449a6b37a00461d8f52dd28b701d840fc8be6041a8060cfa0823e166ff43ed6b783996b728b7774068c76cb35027fc081d9ef5576c4eef6beabfe616744a86100966397c4a2fcf8851387506e2aed3e2214788381b312e067ccc03d9f610c0948361560b97230151e0b782d25a816014e2f178be3e6ea28a095ae54ec0a2eeee66dc923806aebcc2316508a6af9251d4a752a531952a57ff8a952a54a84a944a944a94952a532bc44952a54a8623b8d106996d8e338eeacba89daea18dd12cfc198ad06c87cabea2988b652d6fe4694be4f50504d542bca16fcce108cfd74607dc6cb5c100e9aaa3e6e6975e804d5462dfacb0b52d085d1982c2de41b3126ef0be5444bb7413cc09d8a02acf0594e3b95432c168acc1570e87a99eab2643556d405628e60978b04a7c301d0eb64beab0c381c0aa9aada5adc494cb767fae2bff1fa83423a1b12354983fc905a038052a30d014e037dbf8a9c4492e8417f642755ee68b3fc9950db5685a5b8f102aac44c438215c183300d4140c36b2aed1e0f316ce37e5593e87cdfe55b998883f855b2a253372bdc0b952abffeab517f15f84ee56dc9767eb2d7c11f08550f1e0c037647881c0878593e56afd4c389210ac5322f8463a4d40973450b9a775a85ebd80b77d987f781b439bffe660a7f7fa005f24af6dec2e9d14d005aa8442973500d2fa5e2c2b283962081f35737943f40312e6daf6b17b0dcbce032e0c49dede720561a0375d19d70f807e01fb951250fb426f17935005af06d651fa3201f6caa30d35b229efb7a216825943de6a5d2642f16e076547564a1e62acd798eb05c858b758bf0c5021069c416f31b6d885eeacb38c9a8b012b06b2abe9c54517b216cb5f95d99d3820b31c109c0252b0e3570e8b680066333e45fc4d042f01e9ff12995f85cb970688b6ca81c44a65d0ab898ca6229f0b2bb983fd13373288c9ba0e388bdca1a00b47056fcc732e89798787e6e5f89e9f863095857416bd1dc712814bcec1b1a00b72f8990178e2e04161c507b8cf22c60f36173ff00a20420586d5cd156fed8097b5150eb3fea4a7c56e0005aecac5be6662a84d00b0b5c9f98bd549e8052cb6a106002eab485dfeb98afe9481653580b563f22dfd27e100d704565876b0f14d4c1d0ba3bb6d61b9193cdd1edaf8057042f05db43336b85df91e60efd42a2280700712ff29b8a592da57a2dede2071c87b2daaf76c5068ed9871481170f83fa409194dcaedefd4a5e162886d8ce06af27c4cc7c5b081ab6905a258a3d23996d03e39563aba9401c69c38036a7927c4401a223b4008aef8ea5c2bc32683c8a4b555e61c6ae61861561bd3759656fe289885d363d307889b06f10b789c193f1530c0bc57c3fc7e159465cd21172e5cb97101ac47abc7f18b4841f789aab7a1358b96f2c12ec2a5fbdafe4bf8de356161c2db8c3d33081802682ed7bb6cc5573654c19911fc8b96fc2df87a4b6c2bd4eef80b5f5e66e2db4f7972ae72a76c65c7b00fc23fb65b52b7049bce8306287884f2ecdefce87dcbf1a4b5476b046118ba78a31f1982be4016c1a72ef012e7a469c85d6b41b16b9cd05e91c5f7597e6527224b481b42632619a9fb55055029a01bd2e05a0e0dac5100a77430d01a1bb46d479365dcd729b0701145e15e9bd8bcf695c4176cd88c239e269c1c6b430bba78639579572bcac6909a410b5ea33c0d1e2f47f966028575ba696c9daf7c440c705f0ee106a001ec8fb20f0b2017b2967f5f51d502cb03d1f0ea180aee45bb76be02f46e1f09985a40d3c5960ebee1ea9415033e01e4dd7cab8f442b46c5ff2cbd344570e4886af4f3c4571dddd0a7251ed1707f36e35474bd9b84a4d31bb367d4a803c0e867a2c1f983e2b1b9169aaf933012576ce1eb517dcf16415cb89d13d2ccb7f4416d5f313b0255bf95806cfdc3ca96c2119e19e4e65e6bf3a6d05af784e23c4f1ad0696e944e1939210e3e25db4965f0505788a066900bb11e73647a94dd7ca42f2d65a77bae6612426940469d61fc133ef192592c0e58db6273e2a80e3c2e13a87ead71b5cd5fcf6474266c8497256adec138808e75fa6f9bdc3b49050829ab33b32d8f117e7d0327d07f91e2c72807bff00d2111a0e3be159fd04188aa9b7ec76b170b798f94d2eaf769fe3f0343a12143a4ad846000080f072542e0a704a1b8e89c5e43daa56853615701fe3660bc360a4db2e33d77be62e7b8729e67f9070625c4772bc8bb19d1dfa81d195484bc383ce17ccab40d6037f35a1e5cf5708f5eb340561da3b7303b2f2a9625e8ebaf9ea38a8d2830a59a54c0fdc44b98852a6d6f64308ca620b96ba95bf1614059b73a5bd61abab2c1d621ca55f95d1f2f0c43e94c7bb3eaa5c7eb0cc388302f37cc4360b86324d0c80ae6724b2b96b76003e16623e5711f017f64033e68530bc7b618643dd67a3bb5114f29357db576a598b1ce233ac8d43fa91e1b8592f54621daa602156fa83406a016f858dd7c0361dd6b17982042d1b07b8138edacc0014e830309094936734f7322e1ccac7830d2eb21a76d71e608b6d04a2c7079f2c0bb1c3365e1df98b436081a967b2c47f714ddafc25b452ed73a798304d5b72581cf3430c0f145b9ab94fead9d732cbc626d3d374d53a942ba48bdfb317dd4052eec1d45eae0fb224bb4e13b9efe950fdcac28a96944a243421cae2fb88b2728f3072ca1b3914f0c645f142ceb07c04478b4a003e5b6fea6913ec7c89cfdcc889aefb78006eeb188196f2beaeae87f60b3d51bce2f0fd4ad618c62fba259c21a3fb5c4276b6b3f2b08204e01f8290ed8230a604ac983c356195cbb54c3f0281d0771390a7a2d37e9383575c64536c5f23b0efaf39e21dde999a754655e7f1cc37f9260ecc567772e7a89b396d6a1f28bfa8b9b7b4594a2ab5a4d6172b941c9820b585e00b402f4c67b66e343e5cba6b54457c6861f435f67ccb2b2a5845cf29cdbe6302515747962248a72a66873a72519dc087d5280d2c897dcbcc6d9246b9723d4b8b0dcbc1cec2f8f971886008bee259ca9b7ae8c43d5c73098c2f21d557cc2230aa4af19e3d6b3eb63102ad0ab180704defaa7976dd80573cc52be70abea05bdabf40acdf68d6f51b867dad4e16f4b09b1ab610bfd47b8002978ba154fa8ac37c36540d479a012b82ab1159982a3a7db250974cf350ee6322c3d1ee209a46f1ed46bd4406f980c72417fa8a763b05dfee11b375258780e580014655fb9ff1083d508ee10c36ca314b6fb11f10c15255d8d313ea59c30c82f56a27886daa0bfc06c015ddbd9532e03005e8cd2f0ecba5b2d84a121355eee8721ff31045246dfd5560c5bc541ae49794b5446aef155356526b342fbf90ccff00c48c41b5cb05cd1ddc3a82265d4281b722ec765ccf4a4e01184a0c59939de2224158d1fac07cc702d140ec3707242610becaaf12e510c6c433bb8ba04bd49ee9f71e10b48465c0bb8c035d5b0f07dd9ad01a1c888eb0c0efbb6afb00994aeaae579cafea5b1165068bb558b06c8a1600203266c8c8c0401fb41be03ca446ed72597b5f48f252e5109b19eaae5e07afdbb7bdd5679572e8eb7d12be41ae965ad9e5b5ac771a25ac19ec6abfb3c30ca10550b06ed0034e72aa198346168a5036722538ea524ed6b4163e16d8f6dc3552774aecbe8ede1c32bab8b716f03fde7c10a8a569800c81a73b588add5ee76b0e6c2b06d5812f8823768c14c6487b62a0268408b08603cee5b8f4310c22dd70e39a2dc4a96d262dbfa4d9db3cd26b4e80b3e88c8bc434e22a6cbae0dbc12903a12ca70704a8f3dce2960c39be1addd1282ef62f6be711c2d60756a05f598151c32b105a7b461448c19c6125cb4453d452e7e8e4f157037be24fb86423a1d210dc20c77581fa9661ade5bf78c71a978fc1511038176f32a26dac54e39e252155a8adf23a20de6a05cad61f694b114fb7508dd74305b532e4929b4750c1f04e84b83d56fcca56a5020c5786fe27ccca6b3b052e06c68ea2f1810458b39100b59005db375d0c52f9d40726df14069ac9dec2cf1329bda2f7234b3913d3981e5dc84ace32558c12cdc14e6801400b4b8ab4df50b3a877858ca686f8214705a8abcacb00a3c6a870732b1f111e1576a8b55c81c4404fd842dabf7732c2f24a2f47af30d882cb17750e3b96e53e8ae5e21abbcb5d3122b50d9b6085dd571b8e7719f4f2d0b4e4a33078da7c558e11ae224b3934977631d3978b2972aab3f51932cb678511ba2b9b98d9c2a30a0bda68615e03bd1626bb16f26f404c128b74e0e0baecaae58cb1f179205342b8bc80d5b38e5a2fabc0f0f0677544c38c0faa7f98b695e4baf3f32e28ab0dbedac429879884e71e0f747981b0d69b0558307c4be532937e0465881e7ffe7e600c43b4b00552d579ef292ec6997a810830cd06bd64ca38af3e817b2b1b0f0c2a260c8e45c37d8bc14e569088314a852c00b0715c545062db2340e7027cb2e222822763c7851c6fa8f7c88d5b67280e2e67ebe529528e1a26dde77b57ff00b2ca051d075f444f6520602912a1f182df1ccc63cd12a7c5a657bac01da08bfa9c0a0985f12cc0419b297c97109613184c59e679cc1c51ec5aaf0771ac546df1c8a61a54b8a052abee5cf524da4c02706eb1f3280500b8b45c5755018a40c82ce7703204760658d01608f871b233705ad8e5baf0c4008db100d6edc641fc4308ab7b5b498c7352df8df9a2da0e0d819a0ee2a8a34157005a9eaedbd445d709861902cd6d0e8d6c4d115450e6b35c55bccc6f10f49d833fb498cf415260141f315f506bbb36ada10bb7c45350a72a15e85db5c66221649c0aa0e45e9c8ca616879295e7c01f11d1ab4a3c6183dd5f1283474015b66ef0eaa0399caab1aeac6d5812ba9bb33e5a7497b3547c702a00c30041e0b885b6e86cff0052c4ad05029c1b3f113b950ab2d59906eccbb9cdd5da080cecc98ab65af01542faaaa7c1f0961abf28575e5547768091e9d1b2721369b7e34106daced6fdcc38d6a90bf4111ce0d5cf340d4076208c790234a07c840848590ecf5cb2ea66cae565c8388393ff003538d0715b31c3fea7120d900a152cdb3f04aba7a15f30d5501aaac41424d83ce7fe304ab544b6df0eba34dba478a8630e6d6cb2b90bcde87302ce68e344c923c3ced17e80dd57a97147455709a339588c80862aca896b49850e5e051152c6c4ab6b956ed5cce3681d481f82d1519165a1460f52d40a9f56951ce8af4f70eb3650100e2a59cd804c75b8acb4d80cd6572ba8fbb95119422fb198a174320c9df12c7fd328075f485c174cc30de7793729ff0024e725909f46b9c4777adb06d8169640dbd8bdcd8b314deee3cde19465f7531298c34fc9142b2ab6b6250c0be313e102903ce236342ea08f1405d6daf0bf6f32b8144da39156d3747dc7e965d915e40775fa95fadd6dc799eaa1d4ff00bd2fc06ebdb03b7f2ca2b69c176ee2aa02a2980b0ae528b6f3a947d620c46caa4a58d3ba764ae96a7cf0a6d87348e4c62661fa5e1890cdf7bcfb8de7c6dc882642e591113515846c73f29b631059ad957f71679305701cd80bc0278022b202a435a5d32de4e5b9ae397a03e8a7edea33ed04070d01afc8f12c8ac0038aea8bf9186699402b285503956211c909d130cc500fdb2956811e5cca3e1a6d4c0d3938da64ed7fc050eab75ec342c9ae25a2d26ab41af7015ae596e502ce3496642f4edabd45042614b57bea159512d1d7b460ac02c6b9a08c1088601aacf6d87e332eaae5818c0ed46ca63c3225f01c5eb35af5134b1180468e9e7a88ad0b7ab56d57875bc7696d2453437ba28df2fec2cf12ae0e71fe68df58a75d97758172dbc109bd0df711cd16b5e635a9e255213f78073be25a9c6b1a5810b743df895c02d88d85f20d004b3f528acee244ff004f82d40bac3b88de1808ce311338f059195d7440f89d211dea5a229b794ada1d1153a29f596d532c1954a55d4758ccce2384ccde3928bf1283c660218052cafec715582d595c57b829d05aac0e07c0afee195fab67b0531f7617f3d15710e168ab32339ab0f28f47082aab76a2c32daf517b3b87edb00fd3db1cc120da14ab0edb88c6250a0cb6f5de0b610c081592f3be965e37b9c3d35e541fd97608afe31238178aab50e2cffb8f0241586a76c8fbbd5c407447abed88386c3f50ff00415ca82a7120f38c85422eb0db16f833b339f88a1ae3d6aab233e2b9a9722eef0180dee6d443560513f031a811462846835dbee32adcd57eb3f708e74ef232ce94f88efe948c0c3970bd66020e6ca8e0be73187fd3156735db136368e29b3c20f940cf362959cd2d37b402c14786acf999651f95da32be5ccc09aca67c07f9980e1cc72c70bc7dcb0a2d1eecc57b4dd5caa6d6aa41614dd62b3fc8ee764792ba2ad5bd9a7cce28888d95b0043d58b201c93a281cbb78265a4a2d639274628bacb883d7e1cc1a53dd5c4a66bb56b62dfd0c569398bb2f5f1ff6a060c4a48cddadcf780cb1cfd176025d19c1774301519f5e1faa0f8b89467f64165b5b07ccbe462038053d3fb114e21c9d0ed7197dc805136027c20c2e8b2ec2fdebee1164fdcca76d3d42d3f0195e5273b1dc044b640f2993f913d55bc8b5587106796aa5a016f5a1f31a49b6d8dc2f6f07cf537a1badcad6f3284500746d1bafd44adbec4787221545858403f8de4f99cc07770ac52b478c4408fd002e4741cf32ba643b94000c38e633ca1172efb0aaf20b5cc2c0e42e052e978bea29785625513beee276904166d6dc05d7fa8054409e91d9f003cb0e7d501d0556b0f37adc5e527125654e315ea2506aef704d833745d954ca0cab56a00f883afb8dfc14a4b6d3aacbebd4398e2ab879137ab70f3bac40a13052983a147193a8ae84494196bc866b7318a742df8826f328e92f15dc4b02bc1f100a56e0ba593ecff445b1af2f11072c7cd8bfe348e04e39140cb9ae5e652bd2e796341ab436be7fd4787108d312f21e2cac40b84099cb57eb2df370f916908699aca22d8b4461c002256c44c6f35a196e2e6540ab54abc02d5c65865ee8ab414f1ce936db9077600bfb5e4dbc771fd56f8b632bcbe58b45c065845f0039bd6de900a0e612de2f35308568824c5bcf2bc02cb8328792f048eb972e58eeeda385b01e4057c3282c2a1bbc47ee115010e2b335e18e3055e5b5a281e58a87bbaa66c11c8dc1896fa6ecff007461ab2ebe8e3398f448a0915ac70c11135198311715d41a8d45a3170b8374a72db0738ba3c4675631de566259ecbc0ab00345dae250aac52839b068036df513ce366a1abab3f0a11d65b3297a02c4bc2d1603374bcfb8be01442335c183ee53e28816a0fa3102a66d3234d97dc114c7070a1b52f22d67988235f8c9c680dd846abc20c20c1b5a0dd547e0d66d6b47ec7cb325a596b95a86ee83d4b05724a542db28f4215816aea27c2dd0d673063536eb0aaf620bdf511dabb37b6ecb37cf5015be49551873746b9f1142dd84e4ed71eb5ea6198cb05784d8f8fd590cc38e15b4880792c6bee678e82df7741f59ec8ce8df3110563546ee615336314b0548b4b013f5e99c975f5880ac16b55863c43fc9ecd93fc41cc4a46a8d756af293835211803cb41984cc967a7b44401869ac7a3fccaf5d60711bbef732b963c1ab68690d16ea07945b29720b576cbbac406763a42d40e0bc2e2e0e8dbf60d06d6b47b682e2ad66e0e8ef47c681b50a068f8a690839d37f1090cfae08fb6e6f192118482d1cd9d168623386ca56e87f5dafc12e505b94e0b918036cafa323d0a348a7935a0805da06d4c4ac504c2f6aefafa837a245d647fb23e148a0a70acf88aa8b318ad55f4fdaf788c028e01ae60a9c5b639ae336cc1f474b579547c16cae76e0600367c9752ef93b9e031664cc4c2a6d67ec8f230d26c7c43eb7cdade1a5ea57645015142569e7c6e2506d593d5ed7c3e6650c005774b57b3d43fd08f1f254c015f12ca20f0766711c22352b0de5efd40080ab608eff0031252145233846f31df0966eda3f55fb860e1a03736b9fd543b7800457b1a2d7b89e25472198dd2c928ab5b2f1b0ad5b62aaa784637f86d2f81300e0082125d9108173fc119f41a10aaaa37f3181c2395cc700f2bf113d052f96b619e5b35a8109811d0556aeb7b96ba22a3577fe08e0540426d4b1f71c3d9aadd42ef6c383f36786163774182e3cfdbaa74cc4f6f19e86eb60526e27a5217010bd54cb0bbdc10426aab1f18284159c6be62d7b05740b56d8af656a03da07549314800aa700162aa1f3176775294ade6b1b697e731c2334baa08f3c827c02004d6d0e5a2d57051b65372add45100d574b996702c405aaec0e345e388d9420076e050007fdb15b0ad90546aa8ff8f30284507e981cbc1ee86f99492f4c0e558b597d5102f3747fc0f83ae5ce261e6dc710a37c2c9eac3ea11071a086a82b58ad6e611a7b7c4e9836de2ab70b56d95ceb0a27029ef7eba66785240361becd0f318f5e4262c1f457cc7bd959696503bb8f8218f13c92997c8a44ad0422b2c8969e232f5b62b5b7fa9cb886bc3dc56aa04a3514d3465fe12a541e04f2d590e017071de1dfee5adf6e29028170d79b0ea35b823f2b2b0d35c3f11aca8afd8ecdfd43f34ae2236bca87575e25fcc29442365dd832b68477455b0d6ef3184a31d57079cc4537e453b52f3a234730b5758b55a8571b862ba86e2085bf4625a2136d48a05e53fb01fc6690158de57cf10cf7b8d4581f2c5e536aafdc43bc78ec9f39e2340d5e6ef2f30e29d6181c1861272558d676672159e3dc436daf2d8db8b2a9c01cc3150b68ab5a7bd1044a6a53bd7fb0b20a990003ce2bcc55986a604148bb46067402f1d4754984b959a68ad30b6c8bcfe5614b291ac65c6c7a8cb0c2ef94a52d5b0b3996abe2a7d3f28be064de609e857f5469e772d343cd6635dae06df71c8c270ee32304eb7b41000302a770a1578fb8ab7ae81d152018bc5ea5309c302602b6bc6103706904c037a527efb8830628adf0f2c1349b0a19caec3f6b0728fef8602ad5a67c25414ba8e478d9c8703a97b45b65044d0bf00eba23b4954f88766005aba27202c7f932a9055f5597f6d9f2c3044345ae6645c171592089637eee20c24db00aeafd303ca36fbadfec121638831b5553d9abab20c3da71518cdf5ddbeae2bde380ade7dc2ba983a375836e353161b618296421dc41e2002399080b70e8217ec875c04952f352faa7e52bcc0d38a71972baa5261970ec5d852c8e6d8b82e66334b8c037578b9c3a0a2d415e77073d239583860c4e0d4195c42fc9ee2925715ff8dafdce7a5458c5030b372d877037ac536edbf52aa2d3c63539141acbb872321e4561eb3280b9ea5a6af023ab184caf4475c693f5aa75d713161848a65c16660d9c5d25be20281304b79ae4bc4d9cd03459574a851b0d278131d3a2a199b4a412c0c65a63d4becb993568eeaf101a78aa9fecfb8e9e6d548c0d2ad0173417a38bdeb88f0faa2d161b23ca692f5591de829ad0a16eb56666f498895a2505ac0e9668635a7129272c3aa6e8bf25d67eae35c1ae590a69dffde6631c04e00a3e820b30f24091c5571e023b6c3c38ddbc5e3cb2d600482cd81d306ff505954068a5d1d5956061528758d6f59fe4d63eab43abdfb97fe2e8d8baf2f26eeda376682a5a383c7406028211709161e3a9f018ee09d159b6867706ff00e60e8e6512aae0bb5613511bfe1d7e1c4ca9e25d7cd63f90267a527804691f51641216e3a594e4a44b29dc17091095bc38c26fb949999d2401b6c01ca8730593ab4ee58f297900e650502ee5aca2948bbb8f11a6a8bab710ab5fdc3a03e707d78c0a5b8e1d902cb0c6d03b9ed2e4566058c083d8385e4a55f1712e6ca5ff0042fe60d49178062ec2aeeaae22c49a853f704ab8baf57e8882bcd96a8c71dc39433943b03b21002da65551b05e47fcc0c761d4c082eb8dbf703e8f91791614d520941c460e9b1bf70f8c2bc1170b4fd219d1b806ff0064250cc4d08555c750d41e1790be0bacc4ceb432ec505bbe664ed032f308a35b5ba0ee208e1ada8a3adc24882a68325a400790b30c0864608919c70cb7f28109246d02126680be9ccbec8a9b98877df9b16793f9150f5424c24efee5a8f10a02ac38e75cf2b1c21349efe6006bf97740623d7d997cc7b50445190e3cacb95a2292f67970632fa94e50d02c01165d2cb05aa0495ae8baf3d12f53005a9f6d99b1fa9c2068b5faea29f425aee70f935ed2ec969857aed1ed9686d4e6f8743e4654a86d3ddf05ab1117d6aa0766dad77111dc02ba0a73e388ad998eef4178c34e5b335af70eca94d23f43fcc7af586b434589ab852fc7bd0d995af997905e34fd31de7401beeae36ad00ba807bab7a9649fb7caeb5aab7f50e72783fb51502585894e48a50aa25028cfa4a67ca2a680b9fdc6ebedb0d2c17d18451d58b151edfe40a30e217dd8c45581f997ec949cd7b95a804ce1182290eba2028b8588d11001156396f70a2e4236af17a3f92ddd792c14b7dad04a3d5b628f504382f70ca50af82ab6f284f5108b79f1062b077463f6a7c0c1352bc0e63daa9ebdc758640adac89b1ff21cc33f5e40700b5c9e7a8ec22d6a2cf617d47658236f3814027cd76c251cad210504c96e012373ca0acc155baacb015dddcf4cea508153a0ed55a4b5e40d36051080680d6e27334882ab405df52aaf5057daafecc093cf44e2978f1081982d86357e214dd3500c60464aff0071be224c9575d30a18e99adc22c0c5907aff0026d829e2b4d7cc6f4c70347c455e07a2be08600c05516df1df5d316d865c2765dbcbddc3018a56fbdbde2ce897d6d13b0a0f1c1467cb98ac30e780dad01b85a8751abe1e8edcf8ee51f95b68cd1f7465e154bb6356f32807edff00887a6aacacb8e08175c9de376b654d03e02d7166237965506d1c7fdc54f295d4bda4dbee650a8acce6f1e5b4956379434bac25d26aeb6ce8eb865558f4591d166119bf4fca3e64cde4aba11fec6c93759abb56ec0f8c907156329c80fe9c5f8fe1fea1863f61163a34004e125a18b0d1d29077879d4f36d6b2fd4a916b8f88bff32c3701c9360c33cb115455e1dc0025f9b8136db33c1899ad731c0ac046fdbcce6ee9d4ea2bed6eb7ac43514afd32197dab039b4e363332e0a9d367a94d1d5cce5633bad7714bfee8a785d7d47e6874597a60c8f580a5e96cf71ea2183277d31c054203705258e9c84b2aef17af8805120c000cff00acac4e6f44d091260a85e3732fcc3cce793276bb88c60d6f883bb5ce788cd5cc300e974c5ed2ea6f755bdbf7e18e7c776aacd8e8f30152e0fac57280c183ccb2de394d469c5b38818d75befe221146ee367328f02e9546bb2e975c5dc0f58a9674017006dd711380ad2143cb779fd43c60c425cabfdfdcbe8ebdd936c4e9ed6025ff00c5be7a8d1b285f6f41dcd587558fe53b7980b16b084f03fd1fc214a510a5a0209593b556ac5a82187f4c65dea5f6b1979640fc857a15ea19aa58a6ae56676df442121582b6a8f0ca64bb8b300058caad1b55e9c444a695427394def9b946517f08e0099acc770d81c4157d9db5c467f924212db5159e63983f0ff988bc388fe92ff956432e8d9a21692ca79e1c4ccba255add348e621ab488e949fca7e61a5e3e22b627bc1601025d50860b570ccbaa3cc0496cd3617d400dfd2b9440d659d040013a7a82d372991c4b360f02be1ff00bb8597c42283e6bfb2f0b5806594eb97d3075a159bb91f30f84804afd0afba79fafd4d35e4a36806f18eae0d2b19d700eef679ce77000d663042099bcd5665e3c568a02a26e15ad53385e9ab4bcfee1d9956aa0d8af8b71e662255c09c187d99b2e059279029f51317c43daf7e23640ec34f8d70788e8100149f1cb115b2b4c438b361f60c07b5ce40616693757d5f88b0416ad854f6556ee138350609506c35bac4680d6f026ef02fb40d1696f45d7a8bb1da7627156f927da2c7aab341b7404ad00cb7e0baf08b945788574b02fe83fc468c5e00a7629af1dc6a99d4fc768abd5d6bf1b62a622d06a4522668452edd43c42710004368bdb4f10012d0283a0304e6a0a781a37546f518be11a9a63c04ed73a4636443d41edba9831c2d66b811d5eb5015554b7b472fcf1d046fc332eeed395c19eb11e909226b542068bfa25c2d10115e5e2e2900d4bd0e86a3d1600b0fbfa83dc9615270df87572c14206eb128cb1d1a98f33d08b028a8230ee5202e5c8c12d0b00b975690c5f4b45988906b556edf12c2aed89923a6304b3a81e9acc52152ec2183c53f6c6160deabb8b71d5993c301419bda8abd56096182b2de2538aec4e2c82f23ca5d44f79752f7da3b14f8c46b272d3c5e05038aab60f01c12030601c70bdb2fd6b2f503ec0440025e70a4d8e18c20327570ac0f20f9d4ca41c96b2833e94c4c919038afe8f7040e203fecf994d1e5d429e70614a30080563afb73ebb8c65a0a3251c01958931a6e7cd38375ac4aeffe855742dd96b47079976398da0cb779beb9875c2740ae0f583e202317a57c1fd5c10cf04595c03cbdacbeb25d444708cd061d5c6914ba25286e9af72ee954b545407f43f846a0d748d2d0cb1bdc95875eadd1dbc7981dd369a2aadcd06af96de62ac405542000aac40a04a0d2818adfa25f112c00f7afdf386b6e22a70bb3e98e895768684d0cb47de7a180e5e243bd1bd7871e080a7b298433d62006bac08d55d5f98aa9b61612c0fa86a54284aa036a6d5c4c013f332123452e5abc65a834569dedb778b84010ad0e63d4505601312bb8e91977888176c8173ac648d81214a92fccc01e278a15487772c2729111fbe266b25a85950724027bdad83d7533e197157994822cbb72d798c51e1980293379388789a73c433c00763200b55c743337d8ceb92dd556ad7c4af0c6dabc6b1f7e60b92e2c57da01b4a60078ac4b5138c31f31fbbb7e90d07256a22a111ed284e47030011dc30fbc9395ff00c95fa5d96a2ee642dd0fdc4c37a3d86b0ec5b1788fb4bd6c141d0f3b6119bb18b879ec67887b621ddc2872deb11bd82caf61e4ce1c90ff006503c2c7aee882c440edf853bc175e236f652d589c5f8fba8bcecbfe0426ac140a7ca699e788f1106b0f5c4082c650a5350601c61461286bff0020888a900f0b8622e04fc03be8862e23ea1e72d1f001cac5cae43e003cf6ca1f7b0d8fb712fc6fa0c1e47de25f75ad2d60c74f88e64c175f7a3b76c40157c25e0a35447a7b63c422e0817f23d6e14ce2bddcb6e8b62ad69cee20bce6545c949e9c3ed943ec30385afd0c033111c8c4c3de0195fe869054d80ac0357f703180c0d00297adbf70654a772c22c20e2f9e738848d3b6aab1029182c5a9a6aea08a160ab6fea525d5c1603d4373c31d7ea602e08546bcc158d0969786e89be8b9a3fc227550eae1b56fa22896422905bc7319c69a5938dd19c06dc404f0ebafd67ee157e78cbf7b992e10ff009ab982dc142cd46fee5b94fd43780e7fc440d7295411f54214e013343543cee210a5de0f0b683f686618b6a0f2efe28f13770364512fb8e8221bb316da4494f374bac6eb9f52b000b69eac1e03e6fd405d9e578020b4e1c636c18ecf08266b59cbae6bb20df11606805183473b9db3d1ed965d551b175d7e394b01b7e47147457063115e34b79580577f11990ef8d3c5ac9eb11514195597d40018039b16f89aa31ee30601d491f0e48a7d4b808e6bd076bc116ab459cfb7910e6a8c11f1b605abab74baa9e05a3d45a6a587508b41eb943b48eacc388032811edba42285bb2f36d3336ed8c254dbb085072ad12ab040707daa5436f8c4001d01b2a10d4567a663b6795b2620015b8bc0dfee2e560d8aff00e89763274342df630be996f549678b95ff00c5858b54dfc545921689f06c9ee39b50e8b1079a034e9a658405364d64f97fb0955650a536d339256050b7750c6883ccb2aa796dceee08b7157db9d73396c7999f4cd8d4d443bf50c1cc9515ad718bb60156af11c8871f50c83f319796c6b8101a285f39c9fe67f2405498b36cac454b544381c78bdc5d81568a014ef0e25a14d2ff008f045451ce9c78220a0387a812e0e83fcc25ea0465e83e5c7c33bd118d50d67bcb52f31d509542838abc57b85446b9a954b2d628ade5880c6c368d750bb835ad6e57b861848ba7e7bf1e23c022847b61f45428607476ba99e2f8b33f127e98e9dbd2c3ba7f8980df7c7acc2c2e9af5002885fbd68c5e885050c857c0955db2c1dab2d23cc251c5df47133796b863baa01b8382c3804de03b660af0ddaf61168c508c6a5d41a2f05d0eedc2d63c4bd26a154a346c6cc649f3109c45673bdbf34c236f692fe612ee9d0f53fe18c9d4799e2f5f702406ac8b339c0dead34fc2c4c1c0fe12d6d801d8fe85255154e79e2648ddb94657634a1589670116072cac53617567728067244e20054c106e13a4d9dcb48d54346ab880d2e8513e03136a2ccd3c42e282dd294ebcc6d036aa501fe5f3f50aa725db3200bb17c30a30ba2d94c385b8ac462c11a0ddf730c3a82c7e494c4d78c507b8e9d504a1c4a8413dbb2033d310e96d3b9a5d4d6a0c2f25982d32d22d7fa96e25c1d929901c9cbc9dc0287cbd1ee3283e006f3082831b84d5fcc2586b1e0b12a8cd5fb2053a01300aed65ef96e6ec0a7db9653d302c72072ca327558c5b965c1ed2a5b69df6fea25f7d8ad5ee02b5790ffd1fe4026741bf2bcaca41b971002a857d075e25c485049df6bc1d6a00850180084d8568a03b61958d6549b87c3c5e397899a9a0291eaa0c8a3673c8b3894a7980c4aaedc3ef071e5206ebc208c21639c9f71cb951110a2b21c8ad0f38d83291e19109782aee22e383ff00388e28a89c2dd907b5e9f45c17028d817d22b1d1c427b010276cbcb4d27d4039a2c05dfba48651eb7e97faa28d265b9a1638a0fb8346b17741f3fe92c028de5d78a1747f4e18107cf5d0dcb492d7ec2252b0c60c7a0d5e5978293f531b85b50faff12e0e4a38ae25eddae0806e26e922d540dcbe4578613b704a6f6749c1e577fa220409583f6f1e271fb4bb679895299db2b42e1105ccb31b55554f67a2be65d430c5770c0baf47a10a6ab1854e26e9f30b732cd0b155a08a4d991601b38baa9c624dc5f6bcbe5808316eb07a21e20bcf33fccdac86472f80956724b41e7d77ddc742ec02fb3d4510126c6daf6d51ea590a379c897a38ae888ae186b76c8bff00750209a16d68822a0560394aba096518432387a4f3cc522956556d601d8c70aff8cf101bf05aff0098881a9d043ceb1750786a6fa1c4582f340fef889626a295a7475998ccb9c52ec63484e07f704ac4202b5af332c55a8b66c1c19ce2e8d5c6cb65ebab5f65b022869993d6f8ddbddf897d947d006d7f4b885157bfc9639beeb2936d530ab6035a12ce3513b9bb1bf02fb5dd66f018845c0d375e357bb9993e1406faa17a8f2bebfdb8b70aceb957477a979c457aa03302e032d70fa47ccfd54cca5ae2c2e5ce3b1ad660dd253749e7306aba120119174bf2532c18ea8be26d5b2709e125f2cb6d91d9b0795c5a04c3ddc518803a2f86a55c2943218c416c434e104b07fac6a450da306ca95c6389a7e1fd09a4fa0fc2ff0073eabf03eb4d73f93fb3f8e709b93ebcfb79f64fc67de9ff0023b9f43fc9f5a3e94bfe5750d3d1fc27deff0027fc2e91fb5fecd5f847f69ff0bb9f75353f1ff1fbcffabc4fa735f587fd4ec9b3d7f3f817e8a5ff000f84ff00bddcfe7fe4d3ee7d4cff0089d4fa4fe9f9e30b77afea7fcfedf8e9a33ebb3fe775357b4fbb3e8b3e8a7fffd9, '2021-03-01', 'OLD', 20, '2015', 0, 1);

-- --------------------------------------------------------

--
-- Table structure for table `operations`
--

CREATE TABLE `operations` (
  `id` int(11) NOT NULL,
  `date` date NOT NULL,
  `starttime` text NOT NULL,
  `endtime` text NOT NULL,
  `machine_id` int(11) NOT NULL,
  `employee_id` int(11) NOT NULL
) ENGINE=InnoDB DEFAULT CHARSET=utf8mb4;

--
-- Dumping data for table `operations`
--

INSERT INTO `operations` (`id`, `date`, `starttime`, `endtime`, `machine_id`, `employee_id`) VALUES
(11, '2021-06-21', '11:00:00', '06:01:00', 8, 8),
(12, '2021-06-22', '10:00:00', '05:00:00', 8, 8),
(14, '2021-06-23', '10:00 am', '5:00 pm', 8, 8);

-- --------------------------------------------------------

--
-- Table structure for table `plants`
--

CREATE TABLE `plants` (
  `id` int(11) NOT NULL,
  `name` varchar(50) NOT NULL,
  `address` varchar(255) NOT NULL,
  `city` varchar(20) NOT NULL,
  `state` varchar(20) NOT NULL,
  `pincode` int(10) NOT NULL,
  `email` varchar(55) NOT NULL,
  `phone` bigint(255) NOT NULL,
  `company_id` int(11) NOT NULL
) ENGINE=InnoDB DEFAULT CHARSET=latin1;

--
-- Dumping data for table `plants`
--

INSERT INTO `plants` (`id`, `name`, `address`, `city`, `state`, `pincode`, `email`, `phone`, `company_id`) VALUES
(1, 'IRB STONE', 'Naval Base Karwar, Arga, Karnataka', 'karwar', 'karanatak', 581308, 'IRB1@gmail.com', 9745871244, 1);

-- --------------------------------------------------------

--
-- Table structure for table `salaries`
--

CREATE TABLE `salaries` (
  `id` int(11) NOT NULL,
  `grosssalary` int(11) DEFAULT NULL,
  `pf` int(11) DEFAULT NULL,
  `hra` int(11) DEFAULT NULL,
  `insurance` int(11) DEFAULT NULL,
  `deduction` int(11) DEFAULT NULL,
  `netsalary` int(11) DEFAULT NULL,
  `paymentdate` date DEFAULT NULL,
  `employee_id` int(11) DEFAULT NULL
) ENGINE=InnoDB DEFAULT CHARSET=utf8mb4;

--
-- Dumping data for table `salaries`
--

INSERT INTO `salaries` (`id`, `grosssalary`, `pf`, `hra`, `insurance`, `deduction`, `netsalary`, `paymentdate`, `employee_id`) VALUES
(12, 10000, 1000, 2000, 5000, 0, 18000, '2021-03-01', 8),
(15, 1000, 10, 10, 100, 200, 1320, '2021-06-15', 6),
(17, 10000, 1000, 2000, 5000, 0, 18000, '2021-04-01', 8),
(18, 10000, 1000, 2000, 5000, 0, 18000, '2021-05-01', 8);

--
-- Indexes for dumped tables
--

--
-- Indexes for table `admins`
--
ALTER TABLE `admins`
  ADD PRIMARY KEY (`id`),
  ADD UNIQUE KEY `username` (`username`);

--
-- Indexes for table `admin_users`
--
ALTER TABLE `admin_users`
  ADD PRIMARY KEY (`id`);

--
-- Indexes for table `companies`
--
ALTER TABLE `companies`
  ADD PRIMARY KEY (`Id`);

--
-- Indexes for table `departments`
--
ALTER TABLE `departments`
  ADD PRIMARY KEY (`id`),
  ADD KEY `foreign_key1` (`plant_id`);

--
-- Indexes for table `employees`
--
ALTER TABLE `employees`
  ADD PRIMARY KEY (`id`),
  ADD KEY `department_id` (`department_id`),
  ADD KEY `user_id` (`admin_user_id`);

--
-- Indexes for table `leaveapplications`
--
ALTER TABLE `leaveapplications`
  ADD PRIMARY KEY (`id`),
  ADD KEY `employee_id1` (`employee_id`);

--
-- Indexes for table `machinemaintenances`
--
ALTER TABLE `machinemaintenances`
  ADD PRIMARY KEY (`id`),
  ADD KEY `machine_id2` (`machine_id`),
  ADD KEY `employee_id4` (`employee_id`);

--
-- Indexes for table `machines`
--
ALTER TABLE `machines`
  ADD PRIMARY KEY (`id`),
  ADD KEY `plant_id` (`plant_id`) USING BTREE;

--
-- Indexes for table `operations`
--
ALTER TABLE `operations`
  ADD PRIMARY KEY (`id`),
  ADD KEY `machine_id` (`machine_id`),
  ADD KEY `employee_id` (`employee_id`);

--
-- Indexes for table `plants`
--
ALTER TABLE `plants`
  ADD PRIMARY KEY (`id`),
  ADD KEY `company_id` (`company_id`);

--
-- Indexes for table `salaries`
--
ALTER TABLE `salaries`
  ADD PRIMARY KEY (`id`),
  ADD KEY `employee_id3` (`employee_id`);

--
-- AUTO_INCREMENT for dumped tables
--

--
-- AUTO_INCREMENT for table `admins`
--
ALTER TABLE `admins`
  MODIFY `id` int(11) NOT NULL AUTO_INCREMENT, AUTO_INCREMENT=3;

--
-- AUTO_INCREMENT for table `admin_users`
--
ALTER TABLE `admin_users`
  MODIFY `id` int(11) NOT NULL AUTO_INCREMENT, AUTO_INCREMENT=19;

--
-- AUTO_INCREMENT for table `companies`
--
ALTER TABLE `companies`
  MODIFY `Id` int(11) NOT NULL AUTO_INCREMENT, AUTO_INCREMENT=3;

--
-- AUTO_INCREMENT for table `departments`
--
ALTER TABLE `departments`
  MODIFY `id` int(11) NOT NULL AUTO_INCREMENT, AUTO_INCREMENT=7;

--
-- AUTO_INCREMENT for table `employees`
--
ALTER TABLE `employees`
  MODIFY `id` int(11) NOT NULL AUTO_INCREMENT, AUTO_INCREMENT=11;

--
-- AUTO_INCREMENT for table `leaveapplications`
--
ALTER TABLE `leaveapplications`
  MODIFY `id` int(11) NOT NULL AUTO_INCREMENT, AUTO_INCREMENT=22;

--
-- AUTO_INCREMENT for table `machinemaintenances`
--
ALTER TABLE `machinemaintenances`
  MODIFY `id` int(11) NOT NULL AUTO_INCREMENT, AUTO_INCREMENT=34;

--
-- AUTO_INCREMENT for table `machines`
--
ALTER TABLE `machines`
  MODIFY `id` int(11) NOT NULL AUTO_INCREMENT, AUTO_INCREMENT=26;

--
-- AUTO_INCREMENT for table `operations`
--
ALTER TABLE `operations`
  MODIFY `id` int(11) NOT NULL AUTO_INCREMENT, AUTO_INCREMENT=15;

--
-- AUTO_INCREMENT for table `plants`
--
ALTER TABLE `plants`
  MODIFY `id` int(11) NOT NULL AUTO_INCREMENT, AUTO_INCREMENT=15;

--
-- AUTO_INCREMENT for table `salaries`
--
ALTER TABLE `salaries`
  MODIFY `id` int(11) NOT NULL AUTO_INCREMENT, AUTO_INCREMENT=25;

--
-- Constraints for dumped tables
--

--
-- Constraints for table `departments`
--
ALTER TABLE `departments`
  ADD CONSTRAINT `foreign_key1` FOREIGN KEY (`plant_id`) REFERENCES `plants` (`id`);

--
-- Constraints for table `employees`
--
ALTER TABLE `employees`
  ADD CONSTRAINT `department_id` FOREIGN KEY (`department_id`) REFERENCES `departments` (`id`),
  ADD CONSTRAINT `user_id` FOREIGN KEY (`admin_user_id`) REFERENCES `admin_users` (`id`);

--
-- Constraints for table `leaveapplications`
--
ALTER TABLE `leaveapplications`
  ADD CONSTRAINT `employee_id1` FOREIGN KEY (`employee_id`) REFERENCES `employees` (`id`);

--
-- Constraints for table `machinemaintenances`
--
ALTER TABLE `machinemaintenances`
  ADD CONSTRAINT `employee_id4` FOREIGN KEY (`employee_id`) REFERENCES `employees` (`id`);

--
-- Constraints for table `machines`
--
ALTER TABLE `machines`
  ADD CONSTRAINT `foreign_key` FOREIGN KEY (`plant_id`) REFERENCES `plants` (`id`);

--
-- Constraints for table `operations`
--
ALTER TABLE `operations`
  ADD CONSTRAINT `employee_id` FOREIGN KEY (`employee_id`) REFERENCES `employees` (`id`),
  ADD CONSTRAINT `machine_id` FOREIGN KEY (`machine_id`) REFERENCES `machines` (`id`);

--
-- Constraints for table `plants`
--
ALTER TABLE `plants`
  ADD CONSTRAINT `company_id` FOREIGN KEY (`company_id`) REFERENCES `companies` (`Id`);

--
-- Constraints for table `salaries`
--
ALTER TABLE `salaries`
  ADD CONSTRAINT `employee_id3` FOREIGN KEY (`employee_id`) REFERENCES `employees` (`id`);
COMMIT;

/*!40101 SET CHARACTER_SET_CLIENT=@OLD_CHARACTER_SET_CLIENT */;
/*!40101 SET CHARACTER_SET_RESULTS=@OLD_CHARACTER_SET_RESULTS */;
/*!40101 SET COLLATION_CONNECTION=@OLD_COLLATION_CONNECTION */;
